count	title	artist	genre	rel.fit.goodness	abs.fit.goodness
27801	Bad Romance	Lady Gaga	Pop	0.810043129655708	6458.40753906891
26769	Poker Face	Lady Gaga	Pop	1.42242452428856	8167.38297064851
24270	Paparazzi	Lady Gaga	Pop	1.08162360684785	12879.6676406302
23636	You\'ve Got The Love	Florence + The Machine	Indie/Alternative	1.51758301874856	25245.1102979224
23146	Only Girl (In The World)	Rihanna	Soul/R\&B/Funk	0.812127288819237	3309.2274005821
23138	Fight For This Love	Cheryl	Pop	6.4496599005098	2847.05810040779
21945	Boom Boom Pow	The Black Eyed Peas	Pop	0.949255845815412	268.949311750919
19694	Haven\'t Met You Yet	Michael Bublé	Pop	1.01060367543958	2624.68292198186
19516	Just The Way You Are	Bruno Mars	Soul/R\&B/Funk	1.35965886736087	9553.89840903301
18517	Just Dance	Lady Gaga	Pop	1.92322884056062	5928.79052054861
18115	I Gotta Feeling	The Black Eyed Peas	Pop	0.967899768034329	2714.64677606194
17545	She Said	Plan B	Rap/Hip Hop	3.96830644130372	1140.43726346046
17316	Love The Way You Lie (Album Version (Explicit))	Eminem	Rap/Hip Hop	1.60628185138334	980.681731596352
16934	LoveGame	Lady Gaga	Pop	0.836713674086747	3488.54665797043
16791	I Gotta Feeling (Edit)	The Black Eyed Peas	Pop	3.3259726371915	471.453100325603
16730	Empire State Of Mind [Jay-Z + Alicia Keys] (Explicit Album Version)	JAY Z	Rap/Hip Hop	0.962848576893199	426.993344596344
16267	Someone Like You	Adele	Pop	0.718331041323438	2790.9418961915
16205	Firework	Katy Perry	Pop	1.19353589759987	52251.3600717414
15694	The Flood	Take That	Pop	1.4789261924679	4548.37300271426
15657	You Know Me	Robbie Williams	Pop	4.03526062353631	1030.0045900614
15527	Telephone	Lady Gaga	Pop	0.842449865572958	16420.4552704862
15497	Make You Feel My Love (Album)	Adele	Pop	2.24865028096608	22720.2209241332
14580	California Gurls (feat. Snoop Dogg)	Katy Perry	Pop	1.91417255616599	514.351446282518
14413	The Power Of Love	Various Artists	Pop	3.03162445223684	18126.8763422543
14257	Starstruck	Lady Gaga	Pop	0.838443738721179	3040.65991896776
14209	The Best	Tina Turner	Soul/R\&B/Funk	1.01079927042698	730622.465955498
14193	Bulletproof	La Roux	Dance	1.09341996912931	240.878978441495
14146	Meet Me Halfway	The Black Eyed Peas	Pop	1.47405871231665	8488.43750189143
14122	Bodies	Robbie Williams	Pop	3.17792805674126	1112.25737294274
14105	Beautiful, Dirty, Rich	Lady Gaga	Pop	0.835802460411398	3087.79523589433
14061	Dog Days Are Over	Florence + The Machine	Indie/Alternative	1.19494793737621	6437.46268380661
14043	Eh, Eh (Nothing Else I Can Say)	Lady Gaga	Pop	0.86061198997972	3116.52331161699
14008	I Like It Rough	Lady Gaga	Pop	0.827785289282055	3055.69149196246
13949	Pass Out	Tinie Tempah	Rap/Hip Hop	2.34074665228413	460.381721833786
13925	Boys Boys Boys	Lady Gaga	Pop	0.805830137616603	3057.98634872151
13894	Rolling In The Deep	Adele	Pop	4.15901430746424	523.933950511668
13840	Meet Me Halfway (Radio Edit)	The Black Eyed Peas	Pop	1.1467410782805	1030.420642521
13840	The Fame	Lady Gaga	Pop	0.81471223945067	3085.64960916761
13749	Paper Gangsta	Lady Gaga	Pop	0.830325518732267	3039.25924378231
13717	Money Honey	Lady Gaga	Pop	0.829733131167944	3024.2750019867
13682	What\'s My Name?	Rihanna	Soul/R\&B/Funk	0.651207359430725	1271.05397922356
13678	Disco Heaven	Lady Gaga	Pop	0.831007729101611	3037.16997186949
13658	Break Your Heart	Taio Cruz	Soul/R\&B/Funk	0.914547382694514	469.071443747702
13656	Not Afraid (Album Version (Explicit))	Eminem	Rap/Hip Hop	0.523150229029332	1421.07377394833
13646	Brown Eyes	Lady Gaga	Pop	0.829000822884668	3022.21384411179
13639	Mama Do (Uh Oh, Uh Oh)	Pixie Lott	Soul/R\&B/Funk	1.73357092838809	234.166339607101
13639	Again Again	Lady Gaga	Pop	0.787944780049126	3011.32780245915
13582	Summerboy	Lady Gaga	Pop	0.821824307104999	3008.34671254799
13415	Cry Me Out	Pixie Lott	Soul/R\&B/Funk	1.08366812429712	11664.9122172432
12606	Number 1	Tinchy Stryder	Rap/Hip Hop	0.724523713189094	129.600715119631
12544	The Time (Dirty Bit)	The Black Eyed Peas	Pop	1.04109532754422	8972.43195881001
12390	When Love Takes Over (feat. Kelly Rowland)	David Guetta	Dance	2.29779437546606	532.89348145483
12341	Written In The Stars (feat. Eric Turner)	Tinie Tempah	Rap/Hip Hop	0.595696537021034	2819.5163292013
12215	Boys And Girls	Pixie Lott	Soul/R\&B/Funk	3.44860188200356	319.117796833967
12205	Rabbit Heart (Raise It Up)	Florence + The Machine	Indie/Alternative	1.62057919616058	229.653360537703
12030	Alejandro	Lady Gaga	Pop	0.820835610252493	5885.22084004129
11774	Don\'t Stop Believin\'	Various Artists	Pop	0.758106057365055	7334.59912479579
11593	Human	The Killers	Rock	0.688798875453698	665.136086642726
11489	Promise This	Cheryl	Pop	0.988941721722753	6654.74512544136
11447	F**k You	Cee-Lo Green	Rap/Hip Hop	0.701524758980663	4272.45477944488
11388	Not Fair	Lily Allen	Pop	1.16011987429173	78.4126010291493
11378	Broken Strings	James Morrison	Pop	1.95368260266878	5975.37841029869
11317	Rock That Body	The Black Eyed Peas	Pop	1.62477530762081	790.898243198067
11180	Run This Town [Jay-Z + Rihanna + Kanye West] (Explicit Album Version)	JAY Z	Rap/Hip Hop	0.680215307489447	215.495649988724
11109	Price Tag	Jessie J	Pop	0.737597838338036	2357.31335527601
11059	Sexy Bitch (Featuring Akon) (Explicit)	David Guetta	Dance	0.877928545950219	929.92491263821
11044	Rude Boy	Rihanna	Soul/R\&B/Funk	0.973384733593228	24690.132217518
10968	Russian Roulette (Explicit Version)	Rihanna	Soul/R\&B/Funk	3.56961161912089	4385.34096285848
10919	Stereoface	Neil Cowley Trio	Jazz	13.0485887248994	233328.223244893
10773	Hot N Cold	Katy Perry	Pop	1.9474842158748	6546.28223469868
10753	Chasing Cars	Snow Patrol	Indie/Alternative	1.46554336812616	2213.25756390879
10701	Holiday	Dizzee Rascal	Rap/Hip Hop	2.23820195237682	576.48211376287
10515	Drumming Song	Florence + The Machine	Indie/Alternative	1.48590848698275	142.697609083795
10515	Pack Up	Eliza Doolittle	Pop	0.889029282960626	2586.39046517188
10515	Grenade	Bruno Mars	Soul/R\&B/Funk	0.659534492540612	166.913938923162
10302	Imma Be	The Black Eyed Peas	Pop	2.13237275597857	113.613257689265
10253	Frisky (feat. Labrinth)	Tinie Tempah	Rap/Hip Hop	2.2644086709891	534.50375975524
10231	Airplanes [feat. Hayley Williams of Paramore] (Explicit Album Version)	B.o.B	Rap/Hip Hop	11.9233206386055	5040.98197235192
10224	Teenage Dream	Katy Perry	Pop	0.778926157526913	328.500856955871
10054	22	Lily Allen	Pop	0.815080901732298	4984.28589440801
10003	Cry Me A River	Michael Bublé	Pop	1.38773982161685	169.576246280964
9981	Starry Eyed	Ellie Goulding	Pop	1.83574932215409	358.058072286035
9969	Kiss With A Fist	Florence + The Machine	Indie/Alternative	1.48015045563493	134.034192993983
9923	Stay Too Long	Plan B	Rap/Hip Hop	1.01589514428012	7581.55009559435
9903	Cosmic Love	Florence + The Machine	Indie/Alternative	1.38095793632266	122.849952741624
9796	Who\'d Have Known	Lily Allen	Pop	0.593832198632316	64670.6635101364
9738	I\'m Yours	Jason Mraz	Pop	2.11775028506072	41247.1885643872
9709	Sweet Child O\' Mine	Guns N\' Roses	Metal	1.05470808128551	5536.68111214038
9690	S\&M	Rihanna	Soul/R\&B/Funk	2.74163795626226	524.135983894644
9641	Bonkers	Dizzee Rascal and Armand Van Helden	Dance	2.91698341042161	416.509037569518
9602	Winter Wonderland	Various Artists	Pop	2.38740858171482	212637.357048932
9598	Missing You	The Black Eyed Peas	Pop	1.98565997259218	120.228202438052
9590	Alive	The Black Eyed Peas	Pop	1.97197938755547	119.043989243937
9587	Party All The Time	The Black Eyed Peas	Pop	1.99281012277664	119.698042150388
9565	Howl	Florence + The Machine	Indie/Alternative	1.39779860572039	124.008939303879
9546	I\'m Not Calling You A Liar	Florence + The Machine	Indie/Alternative	1.40436157204806	124.652553571232
9539	For the First Time	The Script	Indie/Alternative	17.9069925138498	12878.4077872604
9508	Don\'t Go	Ministry Of Sound	Dance	2.03957992485816	1014.61578122019
9500	Replay	Iyaz	Soul/R\&B/Funk	0.929068448807052	479.894377781861
9470	Starstrukk [Featuringkatyperry] (Explicit Bonus Version)	3OH!3	Electronica	1.26797847884904	890.521160062227
9465	Between Two Lungs	Florence + The Machine	Indie/Alternative	1.37781484708417	122.527471851809
9464	Ring-A-Ling	The Black Eyed Peas	Pop	1.96194859364155	118.800516638628
9448	Girl With One Eye	Florence + The Machine	Indie/Alternative	1.40687341248681	122.85528730296
9444	The Cave	Mumford \& Sons	Indie/Alternative	1.08653145980557	1861.34917581645
9440	Hurricane Drunk	Florence + The Machine	Indie/Alternative	1.42329697183234	122.647489120949
9438	Dynamite	Taio Cruz	Soul/R\&B/Funk	1.37951201564216	10570.537204729
9437	Rockin To The Beat	The Black Eyed Peas	Pop	1.77701128073364	128.665978732355
9424	Fireflies (UK Radio Edit)	Owl City	Dance	0.865223691492585	515.681600264528
9416	My Boy Builds Coffins	Florence + The Machine	Indie/Alternative	1.39939362798376	122.933071742927
9395	Electric City	The Black Eyed Peas	Pop	1.97345053763987	117.595705950932
9384	Blinding	Florence + The Machine	Indie/Alternative	1.39966683383549	121.789945798044
9376	One Tribe	The Black Eyed Peas	Pop	1.97952989597341	117.871044121749
9368	Showdown	The Black Eyed Peas	Pop	1.98119770135172	118.991207627545
9355	Out Of My Head	The Black Eyed Peas	Pop	1.87685652269634	118.195586957263
9355	Now Generation	The Black Eyed Peas	Pop	1.7632896419686	125.652850496712
9338	Mare	The Black Eyed Peas	Pop	1.94602404588802	115.943908986555
9331	Pencil Full Of Lead	Paolo Nutini	Pop	1.86242782974239	3249.03637223242
9328	Young Forever [Jay-Z + Mr Hudson] (Explicit Album Version)	JAY Z	Rap/Hip Hop	1.23331224360366	11468.6284462021
9208	3 Words	Cheryl	Pop	3.35287114981969	563.977031165842
9142	Do They Know It\'s Christmas?	Various Artists	Pop	3.3695327398377	311350.171960157
9130	Little Lion Man	Mumford \& Sons	Indie/Alternative	3.29080069625885	1123.31962441415
9080	Morning Sun	Robbie Williams	Pop	2.39405866163809	290.254086931443
9031	Cooler Than Me (Single Mix)	Mike Posner	Pop	5.45411717144321	76352.0766535256
9005	Set Fire To The Rain	Adele	Pop	2.8809651810392	160.149151048138
8931	I Kissed a Girl	Katy Perry	Pop	0.766245043113772	1781.00439399802
8926	Smells Like Teen Spirit	Nirvana	Rock	1.25024928904986	3977.16415303902
8925	Viva La Vida	Coldplay	Indie/Alternative	0.808385355098285	1063.03096591442
8891	Billionaire (Feat. Bruno Mars)	Travie McCoy	Pop	3.14110383355155	26558.6187689668
8882	White Christmas	Various Artists	Pop	1.93677061991171	174763.388257418
8868	Uprising	Muse	Indie/Alternative	1.22762505888138	266.741942613366
8707	In My Head	Jason Derülo	Pop	1.91392062106158	451.067538370666
8677	Silent Night	Various Artists	Pop	2.17054959750954	144300.82070733
8534	Prayin\'	Plan B	Rap/Hip Hop	1.61407970800084	226.683856133232
8531	All Time Low	The Wanted	Pop	1.59016469053111	12512.0194133374
8496	All The Lovers	Kylie Minogue	Pop	1.31628880447953	270.609991326235
8462	Candy	Paolo Nutini	Pop	1.52272544951998	85.0148400161005
8456	Down	Jay Sean	Soul/R\&B/Funk	4.14124725769167	492.382873109944
8450	Bonkers	Ministry Of Sound	Dance	2.95163078684415	4974.74373421437
8402	Crazy Love	Michael Bublé	Pop	1.00433667998742	733.124098783132
8345	Raise Your Glass	P!nk	Pop	2.91470258971018	335.912020257526
8306	The Climb	Joe McElderry	Pop	2.25668878726374	2203.64777752204
8294	Radioactive	Kings Of Leon	Rock	3.59126670144681	6321.79828704453
8262	The Fear	Lily Allen	Pop	1.90434774858548	228.393267452063
8260	Livin\' On A Prayer	Bon Jovi	Rock	1.06883235703378	71232.6594887595
8243	Poppiholla	Ministry Of Sound	Dance	2.87910775683088	4407.64738278337
8237	Fight For This Love	Various Artists	Pop	0.929525570230259	2620.88559773842
8227	Everyone\'s At It	Lily Allen	Pop	1.08139667905816	55.1068651851462
8201	Sweet Dreams	Beyoncé	Soul/R\&B/Funk	1.11638346971138	10365.1684560531
8176	Club Can\'t Handle Me (Feat. David Guetta)	Flo Rida	Rap/Hip Hop	3.50998301141282	593.66995618421
8170	Ridin\' Solo	Jason Derülo	Pop	0.967629566549327	13930.4993246018
8165	When We Collide	Matt Cardle	Pop	4.28107298893868	2702.69441949085
8158	Turn it Up	Pixie Lott	Soul/R\&B/Funk	1.69083820276408	127.956911414099
8154	Beautiful (Album Version (Explicit))	Eminem	Rap/Hip Hop	0.570499328359819	2481.51712573594
8088	Shame	Robbie Williams	Pop	0.559568882169322	1946.7092144524
8064	Supernova	Mr Hudson	Indie/Alternative	0.589018487329783	638.99107204404
8040	Parachute	Cheryl	Pop	2.19131905925842	298.818739973536
8017	Gravity	Pixie Lott	Soul/R\&B/Funk	1.69731101587788	115.441189275949
8007	Winter Winds	Mumford \& Sons	Indie/Alternative	1.02449441366301	1132.0838145215
7952	Back To The Start	Lily Allen	Pop	1.06417979376695	51.0643715969432
7940	I Could Say	Lily Allen	Pop	1.06904374106747	51.1800443271747
7923	Never Gonna Happen	Lily Allen	Pop	1.06245392148726	51.0383008412071
7900	Chinese	Lily Allen	Pop	1.06403225021348	51.0120749842632
7894	Hold On	Michael Bublé	Pop	1.04697006986284	684.737491579425
7889	Your Body	Ministry Of Sound	Dance	1.03657491284565	81906.3761304969
7885	Him	Lily Allen	Pop	1.06286563285564	51.0395728762395
7876	The Fear (Clean Version)	Lily Allen	Pop	1.45579505292467	65.9403456464022
7859	He Wasn\'t There	Lily Allen	Pop	1.04833990823142	51.0023681874407
7766	Kidz	Take That	Pop	3.0549292952977	1814.31244090897
7749	Morning After Dark (Featuring Nelly Furtado \& SoShy)	Timbaland	Rap/Hip Hop	9.13000150292474	238.108858586928
7745	Eye of the Tiger	Various Artists	Pop	1.06399145889748	32030.3931134956
7740	10/10	Paolo Nutini	Pop	1.52183785493605	3504.60851533953
7721	aNYway	Ministry Of Sound	Dance	1.97119299873789	9484.46558106959
7714	Please Don\'t Let Me Go	Olly Murs	Pop	3.63767701612502	11305.5993414909
7712	Mercy	Duffy	Pop	1.24463233538718	1519.68700313165
7671	Gettin\' Over You (feat. Fergie \& LMFAO)	David Guetta	Dance	1.53391728778164	193.784947937414
7626	Do It Like A Dude (Explicit Version)	Jessie J	Pop	1.73657018936828	8487.94358666423
7620	In For The Kill (Video Edit Version)	La Roux	Dance	1.32482823134786	1259.24746939992
7596	Greatest Day	Take That	Pop	0.944153836983123	59.493485336463
7585	Poker Face	Various Artists	Pop	1.75211436931312	370.054440876634
7577	Georgia On My Mind	Michael Bublé	Pop	1.03081247788434	652.679235061115
7553	Rockin\' Around the Christmas Tree	Various Artists	Pop	2.12287341923726	136877.569347984
7553	All Of Me	Michael Bublé	Pop	1.09186515481031	654.880492680878
7544	Just Dance	Various Artists	Pop	0.729274989192717	24408.0109505927
7528	Heartache Tonight	Michael Bublé	Pop	1.11047665837152	655.072453126276
7527	You\'re Nobody Till Somebody Loves You	Michael Bublé	Pop	1.07887220408822	656.844668274097
7514	All I Do Is Dream Of You	Michael Bublé	Pop	1.09854945947534	645.982811752181
7510	Sexy Chick (Featuring Akon)	David Guetta	Dance	2.37537513077819	312.353887911116
7507	Forget You	Cee-Lo Green	Rap/Hip Hop	1.00291491653954	234.554766379699
7506	Sweet Disposition	The Temper Trap	Indie/Alternative	9.72974984450392	4038.17578619099
7505	Rehab	Various Artists	Pop	1.33514154527426	26046.1946189649
7496	Hollywood	Michael Bublé	Pop	1.06961468243077	837.839622382854
7457	At This Moment	Michael Bublé	Pop	1.08471479473606	645.448430497199
7413	Love You More	JLS	Pop	2.4975891868217	734.651464273774
7402	November Rain	Guns N\' Roses	Metal	0.90260679781256	2250.43070413632
7395	Just A Dream (Main)	Nelly	Rap/Hip Hop	1.34366052175692	1045.92082763296
7387	Love Will Tear Us Apart	Ministry Of Sound	Dance	2.63423613691297	7981.23070407842
7383	Speechless	Lady Gaga	Pop	0.945721186401268	1430.9068719613
7378	Whatcha Say	Jason Derülo	Pop	1.87629384216171	339.138882421153
7321	Let It Snow! Let It Snow! Let It Snow!	Various Artists	Pop	2.42052490194629	187258.99888398
7305	Don\'t Upset The Rhythm (Go Baby Go)	Noisettes	Indie/Alternative	0.756579007335212	86.0837717275907
7278	Roll Away Your Stone	Mumford \& Sons	Indie/Alternative	1.01942164058502	776.208574982241
7263	Turning Tables	Adele	Pop	2.9407458863624	194.888571049102
7231	Thinking of Me	Olly Murs	Pop	1.12129796277663	514.325607568052
7229	Happiness	Alexis Jordan	Pop	0.803769765239504	378.609408001929
7214	Rumour Has It	Adele	Pop	2.83117806090972	192.905884666657
7212	Monster	Lady Gaga	Pop	0.87367977254404	1421.33501184972
7157	Your Song	Ellie Goulding	Pop	5.49314203044861	835.409038464465
7138	Dance In The Dark	Lady Gaga	Pop	0.841928505780902	1447.55975229744
7120	One And Only	Adele	Pop	2.92733551517318	192.901646069583
7118	Right Now (Na Na Na)	Akon	Soul/R\&B/Funk	6.03884214547956	4465.78573035069
7113	Don\'t You Remember	Adele	Pop	2.93780886838109	199.583222692196
7100	Shine	Various Artists	Pop	1.34163999739184	9329.09861811848
7080	F**k You	Lily Allen	Pop	1.2555410326074	54.6879888265542
7058	Lovesong	Adele	Pop	2.95761828018762	200.694909450404
7050	He Won\'t Go	Adele	Pop	2.96496895442266	202.769189378186
7045	Take It All	Adele	Pop	2.97146050594683	201.432249900588
7034	Have Yourself A Merry Little Christmas	Various Artists	Pop	2.28828786001967	153234.406704533
7026	Disturbia	Rihanna	Soul/R\&B/Funk	2.78417462329061	2326.73293842915
7014	Sigh No More	Mumford \& Sons	Indie/Alternative	0.95849877753283	734.04633619492
7010	So Happy I Could Die	Lady Gaga	Pop	0.839627750618861	1431.34927799733
7002	I\'ll Be Waiting	Adele	Pop	2.97255948731432	199.771070239511
7000	Teeth	Lady Gaga	Pop	0.781480868392462	1434.59815517263
6986	Up All Night	Take That	Pop	0.890338666877363	51.2530158393425
6973	Stay Another Day	Various Artists	Pop	1.98374690822058	143405.843830273
6956	Paradise City	Guns N\' Roses	Metal	1.06948434791177	1919.72572394985
6953	SOS	Take That	Pop	3.44160411133108	1906.48135705322
6873	Happy Now	Take That	Pop	3.03620589344749	1804.15208041316
6865	Playing With Fire	N-Dubz	Pop	0.978789591158417	1325.65891027461
6802	Love Goes Down	Plan B	Rap/Hip Hop	1.39734010051716	191.458349258995
6797	Katy On A Mission	Various Artists	Pop	1.63228498821679	3062.7230283344
6778	White Blank Page	Mumford \& Sons	Indie/Alternative	0.964068542936604	701.398358348885
6752	Bohemian Rhapsody (2009 Digital Remaster)	Queen	Rock	2.53374714943998	272.678589980422
6730	Awake My Soul	Mumford \& Sons	Indie/Alternative	0.965210434149598	702.480959345497
6720	Eight Letters	Take That	Pop	3.35086054254523	1853.99527024314
6693	Born This Way	Lady Gaga	Pop	0.700196563070306	1502.24118024926
6691	Wait	Take That	Pop	3.39644475386615	1887.18029446447
6690	Pretty Things	Take That	Pop	3.38741275813071	1861.97113150601
6682	I Gave You All	Mumford \& Sons	Indie/Alternative	0.93043736839738	680.030235405176
6682	What Do You Want From Me?	Take That	Pop	3.37732016092685	1878.53716815718
6670	Affirmation	Take That	Pop	3.40217969715121	1891.77598060344
6663	The Lazy Song	Bruno Mars	Soul/R\&B/Funk	0.811785921946216	5431.46820321354
6662	Underground Machine	Take That	Pop	3.38927239582483	1868.46764718709
6662	California King Bed	Rihanna	Soul/R\&B/Funk	1.90466815212234	299.975324349835
6651	Higher	The Saturdays	Pop	1.12074667233704	27051.7554376448
6646	After The Storm	Mumford \& Sons	Indie/Alternative	0.928524762481657	676.862755402458
6642	The Recluse	Plan B	Rap/Hip Hop	1.4562194075388	182.547087776711
6640	Timshel	Mumford \& Sons	Indie/Alternative	0.926324947977328	677.797629550057
6639	Coming Up Easy	Paolo Nutini	Pop	1.41313448692065	56.3223674683573
6629	Dust Bowl Dance	Mumford \& Sons	Indie/Alternative	0.932372504830365	679.085962232425
6610	Thistle \& Weeds	Mumford \& Sons	Indie/Alternative	0.916352197401942	674.686322821898
6600	Walking In The Air	Various Artists	Pop	2.166697342705	124611.089953874
6599	Jingle Bells	Various Artists	Pop	1.81035316547663	116324.575706651
6598	Chasing Pavements (album)	Adele	Pop	2.09452969610133	12959.2183077174
6588	Don\'t Stop Me Now (2009 Digital Remaster)	Queen	Rock	2.54674096064491	269.084372436136
6571	Flowerbed	Take That	Pop	3.38603494133015	1802.54049836233
6567	We No Speak Americano (UK Radio Edit)	Yolanda Be Cool \& DCUP	Dance	1.68857588509973	534.363718108052
6562	Invincible (feat. Kelly Rowland)	Tinie Tempah	Rap/Hip Hop	0.807125437493184	9455.37221638979
6531	Writing\'s On The Wall	Plan B	Rap/Hip Hop	1.42960243038869	187.59754255615
6524	Welcome To The Jungle	Guns N\' Roses	Metal	1.06418991568312	2097.16399816812
6516	I Want To Break Free (Single Version) (2009 Digital Remaster)	Queen	Rock	1.13453859720357	8329.1023934669
6509	Evacuate The Dancefloor	Cascada	Dance	0.741756524799452	225.627193109875
6492	Under Pressure (2009 Digital Remaster)	Queen	Rock	1.25411379833761	8565.15363034458
6482	I Wish It Could Be Christmas Everyday	Various Artists	Pop	2.57921039831189	126543.302926265
6448	Frosty The Snowman	Various Artists	Pop	2.38149946217031	108145.14137787
6432	Blue Monday	Ministry Of Sound	Dance	2.37812764393589	7775.07415548731
6424	Billionaire (Live From BBC 1\'s Radio Live Lounge)	Various Artists	Pop	0.767334633718408	371.522806824612
6419	Warrior\'s Dance	The Prodigy	Electronica	0.590650397709016	744.976473060452
6388	Hollywood	Various Artists	Pop	5.66213254223035	73168.2064589349
6385	Call On Me	Ministry Of Sound	Dance	1.20480477154227	83490.8224308516
6378	Another One Bites The Dust (2009 Digital Remaster)	Queen	Rock	1.24158640160665	8276.92737773248
6376	One Day Like This	Elbow	Rock	1.01096198563711	5906.2919974649
6372	Never Forget You	Noisettes	Indie/Alternative	0.975105902137884	2910.39984898208
6353	The Boy Does Nothing	Alesha Dixon	Soul/R\&B/Funk	1.12321465780254	848.188403510703
6352	Release Me (UK Radio Edit)	Agnes	Dance	0.988069059541308	270.112987480921
6344	Take Back The City	Snow Patrol	Indie/Alternative	0.957526010302665	21754.0182446468
6340	Rapture	Ministry Of Sound	Dance	2.91731344805053	8074.89162545447
6337	Welcome To Hell	Plan B	Rap/Hip Hop	1.4202954313581	184.336007672859
6323	No Love (Album Version (Explicit))	Eminem	Rap/Hip Hop	0.998366737243775	122.506602386208
6320	Crazy Little Thing Called Love (2009 Digital Remaster)	Queen	Rock	1.24503639967262	8103.30780412374
6310	Hard Times	Plan B	Rap/Hip Hop	1.40382566190992	184.08059008896
6309	Run	Snow Patrol	Indie/Alternative	1.13679377377606	16058.9409969939
6307	Beautiful Monster	Ne-Yo	Soul/R\&B/Funk	0.616470182670077	2645.06975453467
6303	What You Gonna Do	Plan B	Rap/Hip Hop	1.41014052475206	184.849578783654
6293	Forget You	Various Artists	Pop	3.97404744365049	258.011501270255
6283	Traded In My Cigarettes	Plan B	Rap/Hip Hop	1.40128162821507	185.612625274205
6281	I Know A Song	Plan B	Rap/Hip Hop	1.40959319956913	182.750104962355
6280	Band Aid	Pixie Lott	Soul/R\&B/Funk	1.8083421399304	100.528014751799
6280	Free	Plan B	Rap/Hip Hop	1.46270092892069	182.108699209201
6276	Pump Up The Volume	Ministry Of Sound	Dance	2.23549446343441	7319.52937580883
6267	Darkest Place	Plan B	Rap/Hip Hop	1.4067500085286	183.098042175613
6251	My Love	Pixie Lott	Soul/R\&B/Funk	1.77882998557346	97.8135797215211
6231	Nothin\' On You (feat. Bruno Mars)	B.o.B	Rap/Hip Hop	1.80857655771343	519.437800268198
6228	Set The Fire To The Third Bar	Snow Patrol	Indie/Alternative	1.75174752635538	14576.5216513038
6227	Here We Go Again	Pixie Lott	Soul/R\&B/Funk	1.79661707621867	99.5546533018521
6227	Vienna	Ministry Of Sound	Dance	1.75823984828914	1204.11363394526
6223	With Or Without You	U2	Rock	1.30470607136682	3666.28783011054
6216	Halo	Beyoncé	Soul/R\&B/Funk	0.740883216141097	529.742181132399
6212	Nothing Compares	Pixie Lott	Soul/R\&B/Funk	1.75150029901075	98.3840473197652
6208	Jack	Pixie Lott	Soul/R\&B/Funk	1.78136950420928	97.6482390899433
6204	Undisclosed Desires	Muse	Indie/Alternative	1.84039753882297	161.379334602293
6197	Growing Up Beside You	Paolo Nutini	Pop	1.3366425081014	53.7800799146155
6182	Hold Me In Your Arms	Pixie Lott	Soul/R\&B/Funk	1.77364643702849	97.5959491578567
6181	Come As You Are	Nirvana	Rock	1.17425980982602	1947.8593078697
6179	Heart Vacancy	The Wanted	Pop	0.856414601598693	704.068029306736
6145	Tainted Love/Where Did Our Love Go? (12" Mix)	Ministry Of Sound	Dance	1.86564457571907	1264.90778003565
6142	I Know You Want Me (Calle Ocho) (Radio Edit)	Pitbull	Rap/Hip Hop	0.806342309837483	131.709626197789
6137	Tricks Of The Trade	Paolo Nutini	Pop	1.34963217202495	53.5450218209616
6137	The Way The World Works	Pixie Lott	Soul/R\&B/Funk	1.77539827695072	97.1666474775488
6133	High Hopes	Paolo Nutini	Pop	1.33754633088207	52.4140291658537
6128	We Wish You a Merry Christmas	Various Artists	Pop	2.58721762204985	132657.271099003
6124	No Other Way	Paolo Nutini	Pop	1.33116976768235	52.5254203435346
6110	Te Amo	Rihanna	Soul/R\&B/Funk	1.12753775178811	4030.54181706957
6103	Worried Man	Paolo Nutini	Pop	1.43464430711872	54.2287612365001
6103	19	Ministry Of Sound	Dance	1.81229245217482	1169.92818169451
6101	Simple Things	Paolo Nutini	Pop	1.46541356580865	53.4551339403352
6101	We Will Rock You (2009 Digital Remaster)	Queen	Rock	2.50048915077279	237.454746486926
6100	Who\'s That Chick ? (feat. Rihanna)	David Guetta	Dance	0.592271028837919	1105.60190908226
6081	2000 Miles	Various Artists	Pop	2.54403092931799	127273.334290213
6078	Mary\'s Boy Child	Various Artists	Pop	1.97080688897399	134275.526636372
6076	Chamber Music	Paolo Nutini	Pop	1.34604085488069	52.1252491430169
6076	Keep Rolling	Paolo Nutini	Pop	1.45632906567272	53.6509927167287
6059	Mr. Brightside	The Killers	Rock	1.97722622422044	5424.33764543645
6058	Cheers (Drink To That)	Rihanna	Soul/R\&B/Funk	2.2336128891409	286.816755595735
6050	Tricks Of The Trade [Live]	Paolo Nutini	Pop	1.46485783339661	53.647375385577
6048	Candy	Various Artists	Pop	2.37431766012753	37675.2108412789
6044	Party Rock Anthem	LMFAO	Dance	8.93452804552736	1580.61395297204
6036	Together In Electric Dreams	Ministry Of Sound	Dance	1.83905332374862	1167.47052556746
6031	Enola Gay	Ministry Of Sound	Dance	1.60136184285722	1138.05948454411
6028	Who Wants To Live Forever (2009 Digital Remaster)	Queen	Rock	2.49166267382538	239.484087132741
6022	DJ Got Us Fallin\' in Love	Usher feat. Pitbull	Pop	14.0793722378297	17313.8282050865
6021	Love Lockdown	Kanye West	Rap/Hip Hop	5.36080724798191	3264.46845002962
5996	Wonderman (feat. Ellie Goulding)	Tinie Tempah	Rap/Hip Hop	1.73733648649635	149.913143220798
5996	We Are The Champions (2009 Digital Remaster)	Queen	Rock	2.53464695518424	231.426994671371
5991	Knock You Down	Keri Hilson	Soul/R\&B/Funk	1.04104596664085	195.832839846772
5987	Radio Ga Ga (2009 Digital Remaster)	Queen	Rock	2.38688199400094	236.24783365596
5979	Fade To Grey	Ministry Of Sound	Dance	1.83455847166223	1172.99814737614
5971	Said It All	Take That	Pop	1.00958435657234	49.8658785420328
5966	Untouched	The Veronicas	Pop	2.4544405372759	6797.61223863033
5930	Temptation	Ministry Of Sound	Dance	1.77233627468992	1167.24255052031
5930	A Kind Of Magic (2009 Digital Remaster)	Queen	Rock	2.44858373450909	224.337415433985
5926	I Like It	Enrique Iglesias	Pop	2.36698904539523	455.43996706698
5918	Spaceman	The Killers	Rock	0.759798794361161	121.560765494527
5917	Kids In America	Ministry Of Sound	Dance	1.73491880746442	1189.77468333657
5905	Knockin\' On Heaven\'s Door	Guns N\' Roses	Metal	2.25522496369114	1654.87722748054
5903	These Are The Days Of Our Lives (2009 Digital Remaster)	Queen	Rock	2.53393519401282	222.210756986799
5902	Man Down	Rihanna	Soul/R\&B/Funk	2.18717105933131	277.351254002056
5901	(Feels Like) Heaven	Ministry Of Sound	Dance	1.80392719171671	1146.1100309857
5900	Mad World	Ministry Of Sound	Dance	1.70890600698489	1138.54035973262
5895	Driving Home For Christmas	Various Artists	Pop	2.97026785074069	156968.850594589
5885	Crack The Shutters	Snow Patrol	Indie/Alternative	0.843133672403451	21306.2902163957
5885	On The Floor	Jennifer Lopez	Pop	4.91672781226997	488.888536646557
5878	Ego	The Saturdays	Pop	1.36231234866189	8344.77094460939
5872	Somebody To Love (2009 Digital Remaster)	Queen	Rock	2.44205572039415	223.960047122979
5865	Dirty Picture	Taio Cruz	Soul/R\&B/Funk	1.16111573195881	11738.3471716787
5864	Starry Eyed (Live From BBC 1\'s Radio Live Lounge)	Various Artists	Pop	0.586763387358727	337.692615327427
5863	Barbra Streisand	Various Artists	Pop	1.37650592986234	2979.17625280116
5857	We Made You	Eminem	Rap/Hip Hop	1.66534241922658	79.7808275797878
5848	Crying Lightning	Arctic Monkeys	Indie/Alternative	0.760958821599513	1659.01200119153
5837	Rehab	Rihanna	Soul/R\&B/Funk	2.08679031327912	3820.61688101298
5831	Wishing (If I Had A Photograph Of You)	Ministry Of Sound	Dance	1.75551842165538	1135.9929983366
5830	Just Dance (UK Version)	Lady Gaga	Pop	1.05194976381154	140.882243978743
5826	Planet Earth	Ministry Of Sound	Dance	1.74063735944993	1140.3067340483
5824	We Close Our Eyes	Ministry Of Sound	Dance	1.69343646650555	1121.58712894614
5820	Make A Move On Me	Ministry Of Sound	Dance	1.46751090655036	84996.3599791186
5819	For An Angel (PvD Remix 09)	Ministry Of Sound	Dance	1.64970638487563	5052.93905401532
5808	The First Picture Of You	Ministry Of Sound	Dance	1.65628038114519	1139.32239989902
5806	Sometimes	Ministry Of Sound	Dance	1.70698568686605	1125.10605085862
5805	If We Ever Meet Again (Featuring Katy Perry)	Timbaland	Rap/Hip Hop	1.42566060487281	12827.3737821379
5802	Promised You A Miracle	Ministry Of Sound	Dance	1.67115374346345	1128.31658837207
5800	Maid Of Orleans	Ministry Of Sound	Dance	1.72666855413461	1143.07453769475
5800	Too Shy	Ministry Of Sound	Dance	1.720074735281	1137.07595402879
5794	Closer	Ne-Yo	Soul/R\&B/Funk	0.594373394399094	723.925460611648
5793	Quiet Life	Ministry Of Sound	Dance	1.7268283175749	1145.70847582094
5792	I Gotta Feeling	Various Artists	Pop	1.47929329160015	87.5793765886817
5792	Watercolour	Pendulum	Dance	0.809589280764358	196.687839160698
5791	To Cut A Long Story Short	Ministry Of Sound	Dance	1.73402314492834	1139.88912105107
5791	F**kin\' Perfect	P!nk	Pop	1.82325045804174	222.529232003976
5790	Don\'t Talk To Me About Love	Ministry Of Sound	Dance	1.73303736753544	1145.04178626636
5786	Omen	The Prodigy	Electronica	1.82229366008126	47.5428913492869
5785	Imagination	Ministry Of Sound	Dance	1.73822120535508	1147.63537267367
5783	Brilliant Mind	Ministry Of Sound	Dance	1.74778663005481	1131.03700876362
5782	The Reflex	Ministry Of Sound	Dance	1.69465413435438	1134.17435810687
5779	Being Boiled	Ministry Of Sound	Dance	1.72285103494241	1147.88637260556
5778	Love Action (I Believe In Love)	Ministry Of Sound	Dance	1.7175929086908	1143.60685172447
5772	Love Missile F1-11	Ministry Of Sound	Dance	1.70079296621576	1123.95007587491
5765	Just The Way You Are	Various Artists	Pop	5.26789124466386	63013.3713820137
5764	Forever	Various Artists	Pop	1.02211069329462	8118.42108455106
5763	Black Man Ray	Ministry Of Sound	Dance	1.70616955798548	1134.25291758644
5761	Driving Away From Home (Jim\'s Tune)	Ministry Of Sound	Dance	1.70700282041018	1131.5544427725
5759	Killer Queen (2009 Digital Remaster)	Queen	Rock	2.50727001138188	215.318946626249
5757	Kiss Me	Ministry Of Sound	Dance	1.57602857651955	1119.01779748555
5757	Stop the Cavalry	Various Artists	Pop	2.95286704862367	154985.179784665
5756	Love On Your Side	Ministry Of Sound	Dance	1.701553759372	1134.54534433978
5756	Landscape	Ministry Of Sound	Dance	1.69152307235845	1135.48211742346
5755	Shattered Dreams	Ministry Of Sound	Dance	1.73389891836871	1120.88371638854
5754	Penthouse And Pavement	Ministry Of Sound	Dance	1.7052382122284	1134.84605029121
5754	French Kissin\' In The USA (Edit)	Ministry Of Sound	Dance	1.69820284408997	1132.47225274571
5754	Whip It	Ministry Of Sound	Dance	1.72108085508612	1130.61447257381
5752	Absolute	Ministry Of Sound	Dance	1.70052416185201	1124.49603317517
5750	You\'re My Best Friend (2009 Digital Remaster)	Queen	Rock	2.46650041209118	212.077327724675
5747	Pack Up	Various Artists	Pop	3.74700079075969	366.237970115561
5744	Fashion	Ministry Of Sound	Dance	1.71311761784272	1128.78729922237
5744	Beat The Clock	Ministry Of Sound	Dance	1.72109120676372	1119.89965494641
5742	The Show Must Go On (2009 Digital Remaster)	Queen	Rock	2.42059910415904	213.865225773093
5741	Situation (12" Remix)	Ministry Of Sound	Dance	1.73627236762338	1117.34815804292
5741	Pyro	Kings Of Leon	Rock	3.43287901537752	560.16043819785
5739	I Want It All (Single Version) (2009 Digital Remaster)	Queen	Rock	2.45538204228149	215.31754879302
5737	Hyperactive!	Ministry Of Sound	Dance	1.6978738177493	1122.34852610277
5736	Groove Thang	Ministry Of Sound	Dance	1.7021471792563	1127.72903567399
5733	Resistance	Muse	Indie/Alternative	1.65141541951571	158.777396819749
5726	New Gold Dream (81/82/83/84)	Ministry Of Sound	Dance	1.68500305912296	1119.34113237438
5722	Is It A Dream	Ministry Of Sound	Dance	1.71006684519292	1129.48194887082
5720	You Give Love A Bad Name	Bon Jovi	Rock	1.77512965990276	45011.7778596521
5714	One Vision (Single Version) (2009 Digital Remaster)	Queen	Rock	2.45966903309366	213.13287439834
5712	Santa Claus Is Coming To Town	Various Artists	Pop	1.85520026177941	73471.6227676931
5711	Pjanoo	Ministry Of Sound	Dance	1.97876397380457	31336.3140847929
5711	Fading	Rihanna	Soul/R\&B/Funk	2.22695544739135	324.589348555497
5709	Underpass	Ministry Of Sound	Dance	1.69263070186579	1119.38222309375
5708	Beat Again	Various Artists	Pop	1.03480424447152	3348.74497927099
5688	Complicated	Rihanna	Soul/R\&B/Funk	2.2090727192284	318.582317276872
5679	Open Your Eyes	Snow Patrol	Indie/Alternative	1.72403705869172	13237.0528510401
5672	Beautiful	Akon	Soul/R\&B/Funk	0.768177348516569	797.556547647188
5667	Warwick Avenue	Duffy	Pop	0.800678931330564	9311.62311018447
5654	It\'s My Life	Bon Jovi	Rock	1.1990594650258	51667.5187051651
5645	Remedy	Little Boots	Dance	1.3231737731924	5056.96049879471
5645	Space Bound (Album Version (Explicit))	Eminem	Rap/Hip Hop	1.03389352225947	99.1334604799486
5643	(I Just) Died In Your Arms	Various Artists	Pop	1.24660708484064	15627.9669580428
5641	Raining Men	Rihanna	Soul/R\&B/Funk	2.20461539265031	310.673984010339
5639	Skin	Rihanna	Soul/R\&B/Funk	2.21989858707367	304.07442053529
5635	Seven Seas Of Rhye (2009 Digital Remaster)	Queen	Rock	2.47423860973037	207.261485097297
5625	Takin\' Back My Love	Enrique Iglesias	Pop	1.15982193776012	2528.19492043565
5619	Cars	Ministry Of Sound	Dance	1.64661748042345	1097.77063185282
5619	Close (To The Edit)	Ministry Of Sound	Dance	1.64661748042345	1097.77063185282
5619	Pop Muzik	Ministry Of Sound	Dance	1.64661748042345	1097.77063185282
5619	You\'ll Always Find Me In The Kitchen At Parties	Ministry Of Sound	Dance	1.64661748042345	1097.77063185282
5619	Are \'Friends\' Electric?	Ministry Of Sound	Dance	1.64661748042345	1097.77063185282
5619	Living On The Ceiling	Ministry Of Sound	Dance	1.64661748042345	1097.77063185282
5619	Moments In Love	Ministry Of Sound	Dance	1.64661748042345	1097.77063185282
5619	West End Girls	Ministry Of Sound	Dance	1.64661748042345	1097.77063185282
5619	Smalltown Boy	Ministry Of Sound	Dance	1.64661748042345	1097.77063185282
5619	Duel	Ministry Of Sound	Dance	1.64661748042345	1097.77063185282
5617	One Time	Justin Bieber	Pop	1.00904740874887	212.361687878176
5616	Whatcha Say	Various Artists	Pop	4.51286136489076	6345.12344872787
5613	Kings and Queens	30 Seconds To Mars	Rock	1.32252342331983	82.5518002231673
5608	Dancing Queen	Abba	Pop	1.26202975748441	4350.80967521327
5607	You\'re All I Have	Snow Patrol	Indie/Alternative	1.93481512904011	13535.5235094933
5600	Love The Way You Lie (Part II)	Rihanna	Soul/R\&B/Funk	2.21937563752191	329.917083093593
5576	Ruby	Various Artists	Pop	2.63233338938846	27223.2757212701
5575	Heaven For Everyone (Single Version) (2009 Digital Remaster)	Queen	Rock	2.45789169731668	204.693891927042
5574	Dirtee Cash	Dizzee Rascal	Rap/Hip Hop	1.02175605550517	699.65795781245
5534	Crack A Bottle (Album Version (Explicit))	Eminem	Rap/Hip Hop	1.63819739535173	74.4101617136416
5534	Invaders Must Die	The Prodigy	Electronica	1.70378248831973	42.9940197475153
5524	Santa Baby	Various Artists	Pop	2.34244376134608	82977.7641787594
5523	Club Can\'t Handle Me (Feat. David Guetta)	Various Artists	Pop	3.94105749228569	11155.9243985989
5519	Slow	Various Artists	Pop	3.09925294825164	65210.0061407488
5500	Thinking Of You	Katy Perry	Pop	1.67510440598961	1225.9797626073
5498	Start Without You	Alexandra Burke Feat. Laza Morgan	Pop	12.26885251902	16631.3169068766
5496	Money	Pink Floyd	Rock	2.03054728161569	2459.38338799749
5492	You\'re Not Alone	Tinchy Stryder	Rap/Hip Hop	1.53974569345219	228.601799395604
5490	Love Story	Various Artists	Pop	2.1511942025809	26032.030663809
5490	Won\'t Back Down (Album Version (Explicit))	Eminem	Rap/Hip Hop	0.976581514854865	108.555619063146
5489	Lonely This Christmas	Various Artists	Pop	2.61312877062808	89172.314512633
5468	Billionaire (feat. Bruno Mars)	Various Artists	Pop	3.30754425070201	347.439255793582
5452	Last Friday Night (T.G.I.F.)	Katy Perry	Pop	1.55200189101545	103.446662644375
5439	Ignorance	Paramore	Rock	1.52074466909341	109.082911340345
5435	BedRock	Young Money	Rap/Hip Hop	3.52027932849325	7691.43412735655
5419	Warrior\'s Dance	Ministry Of Sound	Dance	3.44310154982412	6715.36438256075
5416	Violet Hill	Coldplay	Indie/Alternative	1.07776958651483	523.420448716559
5408	My Sharona	Various Artists	Pop	0.994554306042054	18608.2739518662
5406	Some Kind Of Wonderful (Non-Album Track)	Michael Bublé	Pop	0.909773127967399	414.974272445487
5399	Cinderella Man (Album Version (Explicit))	Eminem	Rap/Hip Hop	0.914650053091653	106.430637296862
5394	Wanted Dead Or Alive	Bon Jovi	Rock	1.05078900995471	41377.6636210686
5377	The End	Kings Of Leon	Rock	3.31311023574838	594.794374126215
5374	Hold Up A Light	Take That	Pop	1.01268923811282	42.9646442153485
5370	Talkin\' 2 Myself	Eminem	Rap/Hip Hop	0.946103917704109	109.653510360417
5368	Number 1	Various Artists	Pop	1.47546482972626	30235.1765390892
5366	Replay	Various Artists	Pop	1.53785125127053	1254.28745698959
5363	3 a.m. (Album Version (Explicit))	Eminem	Rap/Hip Hop	1.60929483765566	74.4114338835312
5361	Mad	Ne-Yo	Soul/R\&B/Funk	1.64659078655413	3133.64590150051
5356	D.O.A. [Death of Auto-Tune] (Explicit Album Version)	JAY Z	Rap/Hip Hop	3.2612597084575	119.280965300056
5356	The Captain	Biffy Clyro	Rock	1.04581408188039	47.1867229190172
5352	25 To Life (Album Version (Explicit))	Eminem	Rap/Hip Hop	0.924677828620744	105.805984535995
5351	Just Can’t Get Enough	The Black Eyed Peas	Pop	2.01595551542483	354.001817220497
5351	Baby [You\'ve Got What It Takes] [with Sharon Jones \& the Dap-Kings]	Michael Bublé	Pop	0.858215351395518	409.452344797455
5350	Cold Wind Blows (Album Version (Explicit))	Eminem	Rap/Hip Hop	1.16112535793228	120.162634201266
5345	In For The Kill	La Roux	Dance	1.59136607959277	77.5120295879274
5340	Going Through Changes (Album Version (Explicit))	Eminem	Rap/Hip Hop	0.973581094367534	108.832148803311
5333	Mamma Mia	Abba	Pop	1.13552736705449	4695.13206414815
5328	Good Times (feat. Jodie Connor)	Roll Deep	Pop	0.876266075482386	164.12029554647
5317	Whatever It Takes [with Ron Sexsmith]	Michael Bublé	Pop	0.902193249560038	402.685786844881
5313	The Garden	Take That	Pop	0.941278430835971	42.0795642560165
5308	What Christmas Means To Me	Various Artists	Pop	2.13747171704108	140634.070883551
5306	Mr Bojangles	Robbie Williams	Pop	1.51913695506164	26681.901225043
5300	Stardust [with Naturally 7]	Michael Bublé	Pop	0.882912699344818	400.5195930774
5292	My Mom (Album Version (Explicit))	Eminem	Rap/Hip Hop	1.57034024279117	71.379003560917
5292	Bagpipes From Baghdad (Album Version (Explicit))	Eminem	Rap/Hip Hop	1.58205632563274	71.687219499497
5280	A Dustland Fairytale	The Killers	Rock	0.833810755102677	116.04922417529
5280	On Fire (Album Version (Explicit))	Eminem	Rap/Hip Hop	0.93536306993694	107.059523306791
5279	Radioactive (Remix featuring the West Angeles Mass Choir)	Kings Of Leon	Rock	2.4014475214222	2519.87958087858
5273	You\'re Never Over	Eminem	Rap/Hip Hop	1.14644340269119	118.987533558788
5270	Back Down South	Kings Of Leon	Rock	3.31199596457393	550.735584597107
5261	Losing Touch	The Killers	Rock	0.923653184162148	121.279375042255
5258	Shine A Light (Radio Edit)	McFly	Pop	4.1565856658818	398.676840244406
5255	The Winner Takes It All	Abba	Pop	1.97524838174865	4168.50651926218
5251	Back To Black	Amy Winehouse	Soul/R\&B/Funk	1.15565104902411	5570.61082537203
5251	Insane (Album Version (Explicit))	Eminem	Rap/Hip Hop	1.5996700812074	71.1862699069555
5250	Seduction (Album Version (Explicit))	Eminem	Rap/Hip Hop	0.941537193671444	104.255924913043
5248	We Weren\'t Born To Follow	Bon Jovi	Rock	1.29215560795834	73110.2851934284
5245	Stan	Eminem	Rap/Hip Hop	1.68148624989437	2640.70821498439
5241	Almost Famous (Album Version (Explicit))	Eminem	Rap/Hip Hop	1.14606144862397	119.214795271648
5239	W.T.P. (Album Version (Explicit))	Eminem	Rap/Hip Hop	0.932220611650955	104.792284914833
5233	Cooler Than Me	Various Artists	Pop	2.77894097439154	267.23752538302
5232	Intro	Ministry Of Sound	Dance	2.35176853341158	9846.75843920438
5231	So Bad (Album Version (Explicit))	Eminem	Rap/Hip Hop	1.15268435096294	119.589955515754
5229	The Face	Kings Of Leon	Rock	3.26091965859964	585.034686551458
5228	Rude Boy (Explicit Version)	Rihanna	Soul/R\&B/Funk	1.57220603782297	112.97104078074
5228	Mary	Kings Of Leon	Rock	3.26116118139874	587.235343515753
5225	The World We Live In	The Killers	Rock	0.814421751274114	112.907903722991
5223	Hands Open	Snow Patrol	Indie/Alternative	1.71369653852049	12762.4727795227
5218	Only Girl (In the World)	Various Artists	Pop	2.00827566331193	216.666187169267
5217	United States Of Eurasia [+Collateral Damage]	Muse	Indie/Alternative	1.71721157701755	154.330100121603
5217	Untitled (Album Version (Explicit))	Eminem	Rap/Hip Hop	1.13156632570927	117.426703130559
5216	Heartbreaker (Edited Super Clean UK Remix)	Cheryl	Pop	2.02211217192501	232.803214801825
5215	Heaven	Cheryl	Pop	2.06676961167567	225.252491322857
5211	The Golden Floor	Snow Patrol	Indie/Alternative	0.946416593639406	19298.6493886944
5211	The Immortals	Kings Of Leon	Rock	3.25529592658248	584.092948535534
5205	Shut Your Eyes	Snow Patrol	Indie/Alternative	1.09326375641853	12701.3912512646
5200	Somethin\' Stupid	Robbie Williams	Pop	1.54425272842247	26690.8845538975
5200	I Need You Tonight (feat. Ed Drewett)	Professor Green feat. Ed. Drewett	Pop	0.650122599726779	170.524880932385
5196	Beach Side	Kings Of Leon	Rock	3.24126700641762	584.807559366211
5196	Pickup Truck	Kings Of Leon	Rock	3.2515050907315	578.053019664125
5191	No Money	Kings Of Leon	Rock	3.24374126052189	580.92639342748
5190	Release Me (UK Radio Edit)	Various Artists	Pop	1.61403912370581	40.4465831455543
5186	Must Be The Ganja (Album Version (Explicit))	Eminem	Rap/Hip Hop	1.5912004849504	69.8024215311624
5185	Mi Amigo	Kings Of Leon	Rock	3.23988230798385	582.673703586106
5184	Mountains	Biffy Clyro	Rock	6.78643907150691	14040.278502998
5184	Pony Up	Kings Of Leon	Rock	3.23677793708126	581.470551714199
5183	That Golden Rule	Biffy Clyro	Rock	0.892078084220638	394.008564452094
5182	Birthday	Kings Of Leon	Rock	3.22789905783889	580.131943246619
5181	Dynamite	Various Artists	Pop	3.80755582372317	91675.7852461875
5176	The Circus	Take That	Pop	0.952443702657826	43.3692426936043
5175	Unnatural Selection	Muse	Indie/Alternative	1.54462017821469	152.231680333903
5175	The Chain (Remastered LP Version)	Fleetwood Mac	Rock	1.11594813895697	14198.4185786109
5166	Rain On Me	Cheryl	Pop	2.03564832634382	231.988984840938
5160	Quicksand (Standard Version)	La Roux	Dance	1.31643847239555	109.114432606692
5159	Guiding Light	Muse	Indie/Alternative	1.63393126687335	151.518362094497
5156	Fernando	Abba	Pop	1.05486495715502	4113.12643575476
5151	Same Song \& Dance (Album Version (Explicit))	Eminem	Rap/Hip Hop	1.58743541157616	69.8415173684012
5150	Rock DJ	Robbie Williams	Pop	2.03778956213926	27176.0625673737
5150	Hello (Album Version (Explicit))	Eminem	Rap/Hip Hop	1.59739149150785	70.1483536288247
5144	Julie	Take That	Pop	0.944909800816547	43.2960135799266
5143	I Belong To You [+Mon Coeur S\'Ouvre A Ta Voix]	Muse	Indie/Alternative	1.62158592472578	149.350463140315
5131	Miss Independent	Ne-Yo	Soul/R\&B/Funk	0.679940870668417	969.297038023617
5128	Hello	Take That	Pop	0.952011685936914	42.6620761796704
5126	Kiss Me Thru The Phone	Soulja Boy	Rap/Hip Hop	4.02517661230477	273.430846216895
5117	Christmas Day	Various Artists	Pop	2.61593545430461	151529.624428517
5116	Stand Up	Cheryl	Pop	2.02740447825526	225.922894350782
5115	Deja Vu (Album Version (Explicit))	Eminem	Rap/Hip Hop	1.57712418823762	69.7956249785171
5115	Happy Hour	Cheryl	Pop	2.03660952748857	225.477571024571
5113	MK Ultra	Muse	Indie/Alternative	1.61830666064633	149.493888466691
5109	Old Time\'s Sake (Album Version (Explicit))	Eminem	Rap/Hip Hop	1.57277754283339	69.5155690953751
5103	Stay	Various Artists	Pop	0.967940053771414	4495.75189287725
5102	Stay Wide Awake (Album Version (Explicit))	Eminem	Rap/Hip Hop	1.57246749992712	69.2696380385487
5096	Dr. West (Skit (Explicit))	Eminem	Rap/Hip Hop	1.58425727097045	71.2567100219749
5095	I Will Talk And Hollywood Will Listen	Robbie Williams	Pop	1.47795491202327	26278.5753578116
5094	Boogers	Ministry Of Sound	Dance	1.55236619309298	3918.40819600626
5094	Under The Sheets	Ellie Goulding	Pop	1.27133204095329	2398.84596650526
5090	Make Me Cry	Cheryl	Pop	2.05290320206818	225.93112929212
5090	Boy Like You	Cheryl	Pop	2.03640105823828	226.014726464354
5087	Rock N Roller (Vandalism Remix)	Ministry Of Sound	Dance	2.34859882605854	3709.06736221038
5084	Red	Various Artists	Pop	2.55251971087021	3053.18553784457
5083	This Is Your Life	The Killers	Rock	0.831780895956612	113.636855162436
5082	Exogenesis: Symphony Part 1 [Overture]	Muse	Indie/Alternative	1.60916799545185	148.133479813871
5082	Stereo Love	Various Artists	Pop	4.0448845619538	56526.0220062902
5080	Medicine Ball (Album Version (Explicit))	Eminem	Rap/Hip Hop	1.58336876075104	69.1063767194988
5077	Exogenesis: Symphony Part 3 [Redemption]	Muse	Indie/Alternative	1.53409203090472	146.846656176372
5068	When You Were Young	Various Artists	Pop	1.43827858236898	20268.6337505115
5067	Exogenesis: Symphony Part 2 [Cross-pollination]	Muse	Indie/Alternative	1.53453808564334	146.784108088176
5066	Live And Let Die	Guns N\' Roses	Metal	0.938410149717283	1284.36465705515
5061	Take Me to the Hospital	The Prodigy	Electronica	1.6140131547187	41.0275060398945
5058	Californication	Red Hot Chili Peppers	Rock	1.49361287869659	3235.00202571718
5057	Joy Ride	The Killers	Rock	0.930806076852544	112.96620054281
5055	Neon Tiger	The Killers	Rock	0.908077001736419	113.213096738696
5051	How Did It Come To This	Take That	Pop	0.968972720629088	41.5971663911279
5051	Don\'t Talk About This Love	Cheryl	Pop	2.01363786424662	222.891996007378
5046	Apologize	Timbaland	Rap/Hip Hop	2.6041180500616	161.267276098585
5046	I Can\'t Stay	The Killers	Rock	0.915423911458871	113.234539561083
5045	Closer (Presets Remix)	Kings Of Leon	Rock	3.27841352011785	590.335867155972
5039	What Is Love	Take That	Pop	0.952644651104098	41.6550609676148
5035	At Night	Ministry Of Sound	Dance	1.06880750779988	16575.3354573338
5034	Thank You For The Music	Abba	Pop	1.66137449917545	4615.71007191885
5027	Riverside (Lets Go!) (Clean Radio Edit)	Sidney Samson Feat. Wizard Sleeve	Dance	3.65095908216265	872.982447946804
5024	Goodnight, Travel Well	The Killers	Rock	0.907303630165229	113.911808723915
5021	You Belong With Me	Taylor Swift	Country and Western	1.21678578232102	21.1712706240726
5018	Celebration	Kings Of Leon	Rock	3.25913310705785	595.166547244375
5017	Umbrella	Rihanna	Soul/R\&B/Funk	1.42360435298943	878.670788416116
5017	Bubbles	Biffy Clyro	Rock	1.23810238727713	42.6127222331783
5016	A Crippling Blow	The Killers	Rock	0.907091349032837	111.359765335119
5012	Tonya (Skit (Explicit))	Eminem	Rap/Hip Hop	1.58015343641629	69.1041556136436
5010	Love Story	Taylor Swift	Country and Western	1.21495871637883	19.8549786403951
5008	Mr. Mathers ((Skit) Album Version)	Eminem	Rap/Hip Hop	1.5690004586214	68.3629621474609
5002	Take A Chance On Me	Abba	Pop	1.94025843541662	4305.08532858667
4998	Fix You	Coldplay	Indie/Alternative	1.0021001008453	1944.9394038353
4998	Paul (Skit (Explicit))	Eminem	Rap/Hip Hop	1.57558111018907	68.2185725956773
4997	You	Take That	Pop	0.958674056500646	41.342020623954
4997	Russian Roulette	Rihanna	Soul/R\&B/Funk	1.24991389640969	122.155160093762
4992	Dead And Gone [feat. Justin Timberlake] (Explicit Album Version)	T.I.	Rap/Hip Hop	3.21679099162471	7441.08430704523
4989	Your Song	Various Artists	Pop	1.17261156370765	11816.4893533731
4988	All Time Low	Various Artists	Pop	2.11595379404794	437.6656452849
4985	Steve Berman (Skit (Explicit))	Eminem	Rap/Hip Hop	1.58182747538271	68.042295450262
4983	Sweet Home Alabama	Various Artists	Pop	3.16592363219947	21648.6192691001
4980	Single Ladies (Put a Ring on It)	Beyoncé	Soul/R\&B/Funk	1.52779406816759	543.744733894433
4979	I Still Haven\'t Found What I\'m Looking For	U2	Rock	1.79035558072422	2238.47359041611
4977	Memories (feat. Kid Cudi)	David Guetta	Dance	1.06913747533967	60.8616063707939
4971	Without Me	Eminem	Rap/Hip Hop	2.34102088535741	1315.42106582855
4968	She Wolf	Various Artists	Pop	1.01486048972421	3559.99586335654
4943	Destination Calabria	Ministry Of Sound	Dance	0.950573952480011	80432.4611015478
4942	Supermassive Black Hole	Muse	Indie/Alternative	1.24925085589042	3233.06919060657
4942	On To The Next One [Jay-Z + Swizz Beatz] (Explicit Album Version)	JAY Z	Rap/Hip Hop	2.00327605788867	83.8400890575639
4940	In My System	Various Artists	Pop	1.83886915673487	2643.29016467918
4939	Here	Take That	Pop	0.95017413043863	41.2977957207991
4931	Sing For The Moment	Eminem	Rap/Hip Hop	1.51084960037341	1247.38382353542
4929	Baby By Me (Featuring Ne-Yo) (Album Version (Explicit))	50 Cent	Rap/Hip Hop	0.675071640359847	174.482128063761
4915	I\'m Not Your Toy	La Roux	Dance	1.73913660562466	75.2752832202882
4913	Bette Davis Eyes	Various Artists	Pop	1.59857586370718	31210.7278121759
4912	Shame	Various Artists	Pop	3.02888524006107	68095.3746674112
4910	No Regrets	Robbie Williams	Pop	1.26407332392151	27907.9909012738
4908	Don\'t Stop The Music	Rihanna	Soul/R\&B/Funk	1.53961596059724	914.961696282607
4900	My Name Is	Eminem	Rap/Hip Hop	1.90757882772838	1905.50691841596
4900	Let The Bass Kick In Miami Bitch (MYNC I\'m In Richmond Bitch Remix)	Ministry Of Sound	Dance	1.93449434265359	4095.77059212124
4899	Lithium	Nirvana	Rock	1.66904373908146	1395.43128565289
4898	Gimme! Gimme! Gimme! (A Man After Midnight)	Abba	Pop	1.91486323989664	4118.87898731824
4889	Beautiful	Various Artists	Pop	1.10909647517913	6749.73937009955
4879	Stylo (feat. Mos Def and Bobby Womack)	Gorillaz	Rock	1.92398778636999	1968.99212251594
4878	Put Your Hands Up For Detroit	Ministry Of Sound	Dance	1.33324055324671	36599.6857649679
4876	Knowing Me, Knowing You	Abba	Pop	1.16581673400658	3819.8124313597
4872	I Hate This Part	Pussycat Dolls	Pop	2.88714752403398	2353.22972252276
4866	Make You Feel My Love	Various Artists	Pop	1.79157738073189	267.103701041503
4863	Time	Pink Floyd	Rock	1.51635701490025	2227.62824231077
4862	Dreams (Remastered LP Version)	Fleetwood Mac	Rock	1.06600517579484	14910.1026940955
4860	One Of Us	Abba	Pop	0.907938326866744	3670.25403105204
4846	Please Don\'t Let Me Go	Various Artists	Pop	2.47001295973059	371.108812736755
4845	Many Of Horror	Biffy Clyro	Rock	0.754358370040807	854.238531183621
4834	Please Don\'t Stop The Rain	James Morrison	Pop	2.1326321782105	901.143385930229
4831	Million Dollar Bill (Frankie Knuckles Radio Mix)	Various Artists	Pop	0.888106142173701	3481.62326097944
4828	S.O.S.	Abba	Pop	0.837549820992089	3864.86525681126
4826	Dakota (Decade In The Sun Version)	Stereophonics	Rock	1.47981361431973	168.154684140457
4823	Voulez-Vous	Abba	Pop	1.32996420421286	3959.84281222502
4817	Thunder	The Prodigy	Electronica	1.64841122959221	40.7114518716959
4812	Chiquitita	Abba	Pop	1.53802380813005	4217.8689891584
4812	Breathe Slow	Alesha Dixon	Soul/R\&B/Funk	1.0859530193661	2204.04084867948
4812	Merry Christmas Everybody	Various Artists	Pop	2.65954510861803	96101.6875061975
4807	Rudolph The Red-Nosed Reindeer	Various Artists	Pop	2.59807229947841	59756.7701969611
4799	Money, Money, Money	Abba	Pop	1.79088872989999	3945.15576073153
4795	Us And Them	Pink Floyd	Rock	2.97475368519039	2145.6234072566
4788	Don\'t Look Back In Anger	Various Artists	Pop	2.4671171148819	2519.7780980199
4786	Hometown Glory (Album)	Adele	Pop	1.5202241772914	7412.75047097749
4784	Bed Of Roses	Bon Jovi	Rock	1.58520712498362	40454.2177603692
4783	Strong	Robbie Williams	Pop	1.79051149268622	27676.552341396
4780	I Believe In Father Christmas	Various Artists	Pop	2.64809464927573	84475.1173134532
4777	You Could Be Mine	Guns N\' Roses	Metal	1.13922867783178	1145.68935175794
4768	If I Were a Boy	Beyoncé	Soul/R\&B/Funk	1.84394054527006	536.807474631532
4767	The One That Got Away	Katy Perry	Pop	1.67611958932183	83.9006951281818
4759	Super Trouper	Abba	Pop	1.73388407847862	3801.55049901406
4756	Miami 2 Ibiza	Tinie Tempah	Rap/Hip Hop	1.67929887022856	86.1930798915269
4752	Why Try Harder - The Greatest Hits	Fatboy Slim	Dance	5.62247673420786	147046.874644063
4736	Firework	Various Artists	Pop	4.75663900746148	238.153945806789
4730	I Have A Dream	Abba	Pop	0.87579933242121	3825.23885526573
4729	Christmas Time (Don\'t Let the Bells End)	Various Artists	Pop	2.84326195167019	155227.057123272
4718	Heaven Is a Place On Earth	Various Artists	Pop	1.98961720700899	14251.982102538
4718	Jessie\'s Girl	Various Artists	Pop	2.34860696013866	3316.68515320247
4714	Advertising Space	Robbie Williams	Pop	1.83859833661832	26764.4113125978
4713	Supreme	Robbie Williams	Pop	1.3273167552673	28007.3466333623
4710	Stand Up	The Prodigy	Electronica	1.58109534440679	38.2019475296933
4710	Don\'t Stop (Remastered LP Version)	Fleetwood Mac	Rock	1.06929269220527	14496.6753739805
4709	Wavin\'  Flag (Coca-Cola® Celebration Mix)	K\'naan	Rap/Hip Hop	2.07593599022887	5731.75579103179
4706	Let the Sun Shine	Labrinth	Pop	1.3521512537241	2183.07273132869
4705	Forever Is Over (Radio Edit)	The Saturdays	Pop	1.78510838946537	201.818708046571
4700	Hero	Enrique Iglesias	Pop	1.60497793135665	3922.61447563272
4700	Run With the Wolves	The Prodigy	Electronica	1.60791357153843	40.9956399046546
4698	21 Guns	Green Day	Rock	1.44674700682584	68.8783122732768
4697	The Name Of The Game	Abba	Pop	0.918370799084758	3616.92065277366
4695	Waking Up In Vegas	Katy Perry	Pop	1.24596492787713	533.22152691932
4692	Fire	Various Artists	Pop	1.26923182470816	21269.097974555
4690	We Made You (Single Version)	Eminem	Rap/Hip Hop	1.37951965174091	551.51781001505
4689	Little Saint Nick	Various Artists	Pop	2.10738048801184	57448.3612190583
4687	Broken Wings	Various Artists	Pop	3.32420408683084	35058.6757126029
4683	Patience	Guns N\' Roses	Metal	1.54679381131676	1074.21901220266
4683	Go Your Own Way (Remastered Single/LP Version)	Fleetwood Mac	Rock	1.46401633792308	18121.19345305
4682	Right Round (feat. Ke\$ha)	Flo Rida	Rap/Hip Hop	1.20317913529204	302.317640302541
4681	Lost!	Coldplay	Indie/Alternative	1.2439112141448	489.612132211441
4678	Old Before I Die	Robbie Williams	Pop	1.78105377878297	26804.3716541792
4672	Don\'t Cry (Original)	Guns N\' Roses	Metal	1.10996452758239	1074.83075808832
4672	Barbra Streisand (Extended Mix)	Duck Sauce	Dance	2.66530270927269	990.138140960513
4671	Last Christmas	Various Artists	Pop	1.45053288765304	68532.1545633224
4669	Impossible (Main)	Various Artists	Pop	1.14582652190258	2468.26700164789
4669	Colours	The Prodigy	Electronica	1.62547838437223	40.3930982740046
4666	Rehab	Amy Winehouse	Soul/R\&B/Funk	1.13254315039868	4374.82608299321
4663	World\'s On Fire	The Prodigy	Electronica	1.61863456261507	39.9913478860472
4662	Rule The World (Radio Edit)	Take That	Pop	2.41333165661719	311.872926489978
4661	Three Little Birds	Bob Marley \& The Wailers	Reggae	1.53020140462216	2165.38510559909
4659	In The Air Tonight	Phil Collins	Rock	3.02071127592255	3151.6898615015
4651	Handbags And Gladrags (Decade In The Sun Version)	Stereophonics	Rock	1.45123455552658	149.892179384437
4641	When I Grow Up	Pussycat Dolls	Pop	5.91217516633779	386.751668887816
4637	Polly	Nirvana	Rock	1.44418322040136	1613.25357759305
4636	Piranha	The Prodigy	Electronica	1.60228911580019	39.3636088107474
4633	Heartbeat	Enrique Iglesias	Pop	2.82540509311391	13396.2950008728
4618	Day \'N\' Nite	Ministry Of Sound	Dance	2.24283871668258	4916.73410290606
4616	Always	Bon Jovi	Rock	1.22639800123289	48605.3619543863
4614	Chocolate	Snow Patrol	Indie/Alternative	1.18687224848034	14447.9013545791
4608	Pride (In The Name Of Love)	U2	Rock	3.36129518836694	2294.56157773412
4607	Fairytale of New York (feat. Kirsty MacColl)	Various Artists	Pop	2.65498334024797	97897.8168726254
4604	Sandstorm	Ministry Of Sound	Dance	1.62088055156798	4942.3289629843
4598	Live Your Life (Explicit Album Version) [Featuring Rihanna]	T.I.	Rap/Hip Hop	2.50589539564973	4124.85534989522
4598	Happy People	Ministry Of Sound	Dance	2.47042384989936	4466.36582950879
4594	Life In Technicolor	Coldplay	Indie/Alternative	1.31558493187938	473.845303443088
4588	Boogie 2Nite (Seamus Haji Big Love Edit)	Ministry Of Sound	Dance	1.48835248475741	42287.2800994497
4582	Kickstarts (Radio Edit)	Example	Dance	0.923834631865944	64.3015906930037
4579	Lazy Days	Robbie Williams	Pop	1.82129278260353	27650.5366899033
4578	I Need You (Single Version)	N-Dubz	Pop	3.52189057544993	365.518237837794
4577	It\'s Only Us	Robbie Williams	Pop	1.73652837268306	28348.9257067179
4573	Haven\'t Met You Yet	Various Artists	Pop	1.11906804941371	2936.08683020542
4572	Red Mist VIP	Ministry Of Sound	Dance	2.14983914055778	211.846321673661
4568	More Than a Feeling	Various Artists	Pop	2.49780746329631	28103.2470543612
4562	Heartless	Kanye West	Rap/Hip Hop	0.953007832797487	390.819566179535
4557	Acapella	Kelis	Soul/R\&B/Funk	4.23079253424069	366.986291121687
4553	Lovelight	Robbie Williams	Pop	1.84432476282663	26159.2835765747
4549	Rock It	Ministry Of Sound	Dance	2.25657994176703	219.799441123773
4547	Guns And Horses	Ellie Goulding	Pop	1.43729647197204	83.3951179240568
4543	Baby	Justin Bieber	Pop	1.77910509210439	125.244651124922
4543	You Make Loving Fun (Remastered LP Version)	Fleetwood Mac	Rock	1.09507657033125	13858.4856415592
4542	Take A Bow (Main)	Rihanna	Soul/R\&B/Funk	1.40282653924103	895.825314663037
4540	Baby, It\'s Cold Outside	Various Artists	Pop	1.73042369272901	69215.9123402826
4528	Say It\'s Over	N-Dubz	Pop	1.96923990513543	123.339549355153
4514	Stepping Stone	Duffy	Pop	1.25022970477268	10878.946945532
4514	Bang Bang Bang	Various Artists	Pop	2.29450653792477	371.899939068702
4511	Strawberry Swing	Coldplay	Indie/Alternative	1.28190018712401	454.419772218917
4508	Creep	Radiohead	Indie/Alternative	1.03971923363339	4434.27908529245
4507	Let The Sunshine	Various Artists	Pop	2.48906695781942	286.271689937561
4506	Promise This	Various Artists	Pop	2.51776517609673	308.043172229532
4504	South Of The Border	Robbie Williams	Pop	1.96400640989719	26360.2118327061
4504	Not Fair (Clean Radio Edit)	Lily Allen	Pop	8.00740830166457	3893.16708830448
4503	She Wolf	Shakira	Pop	0.885608553364267	359.639323004966
4501	Beautiful Monster	Various Artists	Pop	3.20989944829848	385.325723017488
4499	Parachute (Radio Mix)	Cheryl	Pop	4.39077098416339	486.759129960776
4493	Does Your Mother Know	Abba	Pop	1.63763310805741	3998.6871568713
4493	Simply Unstoppable	Tinie Tempah	Rap/Hip Hop	1.14228179482011	71.8668461537542
4489	The Cave	Various Artists	Pop	9.25372341199147	13537.699367454
4482	Hard (Explicit Version)	Rihanna	Soul/R\&B/Funk	1.50445502758824	99.447171820478
4479	Lay All Your Love On Me	Abba	Pop	1.5322462632842	3941.15658309728
4472	Little Lies (Remastered LP Version)	Fleetwood Mac	Rock	1.34718069920572	15462.4884695043
4471	Don\'t Upset The Rhythm (Go Baby Go)	Various Artists	Pop	1.60491152587005	37495.8260582778
4469	The Writer	Ellie Goulding	Pop	1.39871227119362	79.1672309572941
4468	Beautiful Day	Various Artists	Pop	2.47107911725117	24792.9654425818
4460	Crossfire (Radio Edit)	Various Artists	Pop	0.999241721194014	361.632344719144
4456	Have A Nice Day (Decade In The Sun Version)	Stereophonics	Rock	1.47731439455143	150.673153836728
4455	S.W.A.G.	Ministry Of Sound	Dance	2.19701665564532	226.188792201034
4450	What\'s It Gonna Be (Jason Herd\'s Mo\'Funk Remix)	Ministry Of Sound	Dance	1.11675496567132	39417.8764086543
4449	Stay Forever	Ministry Of Sound	Dance	2.19407464037433	224.854541117978
4447	E.T.	Katy Perry	Pop	1.33957734553443	73.7460902187774
4436	Deck The Halls	Various Artists	Pop	3.14392118246926	63509.4627520587
4434	Celebration	Madonna	Pop	1.3943207019713	144.8707523925
4431	Yesterdays	Guns N\' Roses	Metal	1.19301865790889	1089.06952472698
4431	I\'m Yours	Various Artists	Pop	1.56776636593248	23296.3993478725
4428	Russian Roulette (Donni Hotwheel Remix)	Rihanna	Soul/R\&B/Funk	1.61959638431857	106.397692985775
4428	Hole In My Head	Rihanna	Soul/R\&B/Funk	1.61959638431857	106.397692985775
4425	Missing You	The Saturdays	Pop	2.42774488084231	282.230852529685
4425	While Shepherds Watched	Various Artists	Pop	2.37741017804565	125337.574366495
4424	Underground (Album Version (Explicit))	Eminem	Rap/Hip Hop	1.70262419013967	76.5692637611655
4423	Te Amo (Explicit Version)	Rihanna	Soul/R\&B/Funk	1.47548198383013	89.9086353815132
4418	Waterloo	Abba	Pop	1.05603099830551	3786.46402911922
4410	Lovers In Japan	Coldplay	Indie/Alternative	1.18050339476081	446.529995825138
4406	Peacock	Katy Perry	Pop	1.65146309122454	102.609707117507
4398	Mega	Ministry Of Sound	Dance	2.18305550985027	223.766581716317
4391	Check It Out (Main Radio Mix)	will.i.am	Pop	1.6758038746432	804.513105921514
4390	Angels (2004 - Remaster)	Robbie Williams	Pop	2.20099414632878	115.959409311327
4388	Just Can\'t Get Enough (Radio Mix)	The Saturdays	Pop	1.099385264151	110.122467826664
4383	Cemeteries Of London	Coldplay	Indie/Alternative	1.27694379053392	453.450789993416
4381	Under The Bridge	Red Hot Chili Peppers	Rock	0.976876328239139	1947.31678358318
4379	God \& Satan	Biffy Clyro	Rock	1.39203891316755	45.5900691357516
4378	42	Coldplay	Indie/Alternative	1.18703748378894	443.78356766188
4377	Guilty Conscience	Eminem	Rap/Hip Hop	2.01775599360765	1260.16707617422
4375	Greece 2000	Ministry Of Sound	Dance	1.7178919100617	4848.176348378
4370	Untouchable	Girls Aloud	Pop	0.679185883763906	12784.4549591734
4369	Death And All His Friends	Coldplay	Indie/Alternative	1.27023469893091	449.078629519967
4369	It Must Be Love	Madness	Rock	1.84190123098196	419.178687432774
4364	Maybe Tomorrow (Decade In The Sun Version)	Stereophonics	Rock	1.45519894928898	140.234667254401
4358	Carry Out (Featuring Justin Timberlake)	Timbaland	Rap/Hip Hop	0.763824282884809	4812.05788951627
4341	Everywhere (Remastered LP Version)	Fleetwood Mac	Rock	1.47128675804471	15508.8034224191
4339	Green Light	Various Artists	Pop	2.92609914986455	12237.063096156
4337	Never Do a Tango With an Eskimo	Various Artists	Pop	2.28560360240314	54006.0974727146
4335	Pass Out (Radio Edit)	Various Artists	Pop	1.25045874483868	103.626052754516
4333	Blasphemy	Robbie Williams	Pop	2.94678161078877	284.734963090533
4326	Civil War	Guns N\' Roses	Metal	1.67082100320297	1026.79352678634
4325	Yes	Coldplay	Indie/Alternative	1.25211242574763	442.941120068814
4324	My Life Would Suck Without You	Various Artists	Pop	1.05459690007107	31843.563430525
4323	Show Me Heaven	Various Artists	Pop	1.06510392191306	12694.8993422988
4323	Starstruck	Robbie Williams	Pop	2.96359033715878	289.029876236986
4321	Wannabe (Radio Edit)	Various Artists	Pop	1.6164306820023	29970.2475663999
4319	Sandstorm	Various Artists	Pop	2.30182882299828	9286.83299410066
4319	Never Leave You (Single Version)	Tinchy Stryder	Rap/Hip Hop	0.595776915102234	79.7321925695497
4313	Do You Mind	Robbie Williams	Pop	2.92979742114715	288.954266991844
4309	Walking On Sunshine	Various Artists	Pop	1.05445452553063	10585.4883774282
4308	Last Days Of Disco	Robbie Williams	Pop	2.96809565230032	291.543202115391
4308	Happy New Year	Various Artists	Pop	2.92118395342472	88397.5213978116
4303	Deceptacon	Robbie Williams	Pop	2.95028626470004	286.72042804803
4301	Something In The Way	Nirvana	Rock	1.36678059707178	1431.53481926387
4299	Papa Can You Hear Me? (Radio Edit)	N-Dubz	Pop	0.804365898542879	437.935465830956
4299	Somewhere	Robbie Williams	Pop	2.96028283400316	291.580213885146
4295	Gold	Various Artists	Pop	2.47584205725961	10433.1760740566
4293	Won\'t Do That	Robbie Williams	Pop	2.92769164514671	285.754416403909
4288	Superblind	Robbie Williams	Pop	2.91944522617262	287.116979141082
4286	Omen Reprise	The Prodigy	Electronica	1.46833046998444	44.7990781696773
4285	Difficult For Weirdos	Robbie Williams	Pop	2.91276058000172	285.507165345961
4284	Don\'t Hold Your Breath (Main Version)	Nicole Scherzinger	Pop	3.44008110274677	360.467230474623
4282	Rockstar	Nickelback	Rock	0.774750777321959	901.681840465932
4281	In Bloom	Nirvana	Rock	2.25525960913212	1245.18557535057
4278	Morning Sun Reprise	Robbie Williams	Pop	2.89236050835778	285.777141037569
4276	Show Me Love	Ministry Of Sound	Dance	1.01281701815775	22388.6644665943
4268	Hummingbird Heartbeat	Katy Perry	Pop	1.6560480745247	100.699060299287
4267	Scar Tissue	Red Hot Chili Peppers	Rock	2.21757177838868	2685.86132713357
4266	The Bartender And The Thief (Decade In The Sun Version)	Stereophonics	Rock	1.35369973561009	142.95966586278
4266	Give Me Everything	Pitbull feat. Ne-Yo, Afrojack \& Nayer	Rap/Hip Hop	0.971852594250976	932.958107613081
4258	Mistletoe and Wine	Various Artists	Pop	1.61440790841303	66546.3892036188
4256	On A Plain	Nirvana	Rock	1.32371785066535	1443.79348275717
4255	Fire With Fire	Scissor Sisters	Pop	1.70012044746791	308.608694037477
4253	Step Into Christmas	Various Artists	Pop	2.87685144999795	70300.4211705811
4252	Trouble	Various Artists	Pop	2.15123290437762	386.81034711588
4249	Spitting Games	Snow Patrol	Indie/Alternative	1.10473948094289	13122.5063074852
4247	Somebody Told Me	The Killers	Rock	1.66891335643356	2622.37882148524
4247	One Step Beyond	Madness	Rock	1.72423142033164	422.781530055898
4247	Let Go (feat. Emeli Sandé)	Tinie Tempah	Rap/Hip Hop	1.50254253471985	71.9353022581391
4244	Not Like The Movies	Katy Perry	Pop	1.64892793584216	99.1237929704678
4242	Circle The Drain	Katy Perry	Pop	1.65161768595288	97.7870042800879
4239	Just A Little (feat. Range)	Tinie Tempah	Rap/Hip Hop	1.50120671310531	73.3693937150938
4237	A Spaceman Came Travelling	Various Artists	Pop	2.14387860547546	80917.6611922906
4237	Jai Ho! (You Are My Destiny)	A.R. Rahman	Bollywood	1.47209624812998	96.0136670733458
4234	Illusion	Tinie Tempah	Rap/Hip Hop	1.49876830478608	72.7819568812515
4232	Rockferry	Duffy	Pop	1.110613534656	8733.42057416421
4229	Intro	Tinie Tempah	Rap/Hip Hop	1.49215997507932	2661.03599791481
4228	Jingle Bell Rock	Various Artists	Pop	1.90659683385311	65948.6659898381
4222	Wait Your Turn (Explicit Version)	Rihanna	Soul/R\&B/Funk	1.54221184873035	102.919110953523
4219	Cold Shoulder (album)	Adele	Pop	1.96505733079334	6798.13228624877
4215	Get Sexy	Sugababes	Pop	2.17904202324573	434.430320517147
4215	Who Am I Living For?	Katy Perry	Pop	1.64135964737854	97.5142381415107
4215	We No Speak Americano (UK Radio Edit)	Various Artists	Pop	5.1995540550391	637.991663222564
4214	Pearl	Katy Perry	Pop	1.6377891535221	97.6027682758772
4204	Prayin\'	Various Artists	Pop	1.99490365119566	342.363107120637
4202	Ur So Gay	Katy Perry	Pop	1.38597865898129	639.269346318265
4200	Marry You	Bruno Mars	Soul/R\&B/Funk	1.40572029061232	73.6407397594055
4199	It\'s Christmas Time	Various Artists	Pop	1.76385907544878	87603.3593183904
4195	I\'ll Be There For You	Bon Jovi	Rock	1.20049700191057	37519.433048599
4193	Bad Medicine	Bon Jovi	Rock	1.10519889259296	38215.1308565483
4192	Tears Dry On Their Own	Amy Winehouse	Soul/R\&B/Funk	1.23419672466462	3739.76177154911
4192	Missing You	Various Artists	Pop	1.58029925922678	22190.5304374177
4189	Grounds For Divorce	Elbow	Rock	2.12745700472122	4415.38068024204
4189	Castles In The Sky	Various Artists	Pop	1.93879665114496	9809.51660660157
4189	Whatcha Think About That	Pussycat Dolls	Pop	1.82222798630851	1607.20624154073
4188	Wherever You Will Go	Various Artists	Pop	2.96860709163737	1880.73846160171
4188	If We Ever Meet Again (International Radio Edit)	Timbaland	Rap/Hip Hop	2.55826545020487	623.540648682957
4187	Obsession	Tinie Tempah	Rap/Hip Hop	1.43669631452153	71.2117649465918
4186	You Know I\'m No Good	Amy Winehouse	Soul/R\&B/Funk	1.21526782541814	3582.41002148807
4176	The Climb	Various Artists	Pop	0.80253485373922	15885.3101619033
4175	Just Looking (Decade In The Sun Version)	Stereophonics	Rock	1.3799737948259	137.231389298432
4175	Snap	Tinie Tempah	Rap/Hip Hop	1.46168325413337	70.0989486024787
4173	The Great Gig In The Sky	Pink Floyd	Rock	2.30625876904986	1622.31361525894
4166	Jamming	Bob Marley \& The Wailers	Reggae	2.5254392783734	2266.23922061334
4166	Day \'N\' Nite (Radio Edit)	Kid Cudi Vs Crookers	Dance	0.663320449517219	84.0482469911284
4165	One Love / People Get Ready	Bob Marley \& The Wailers	Reggae	1.74704606988411	2138.81012721435
4165	Skinny Genes	Eliza Doolittle	Pop	3.1226384882381	1717.89330401305
4163	In The Bleak Mid Winter	Various Artists	Pop	1.77339054227861	62200.6694732326
4161	The Way It Is	Various Artists	Pop	2.92576196028811	21097.6121751883
4158	True Colors	Various Artists	Pop	4.14896349025102	2616.73275789112
4153	Decode	Paramore	Rock	1.14073772504139	13405.7584055012
4150	Shut Up and Drive	Rihanna	Soul/R\&B/Funk	1.53990968307969	860.42146897569
4147	Written in the Stars (feat. Eric Turner)	Various Artists	Pop	2.40483427911277	239.542258164292
4146	Baggy Trousers	Madness	Rock	1.90864425873013	437.528296907992
4142	The Twelve Days of Christmas	Various Artists	Pop	1.81010461892428	46030.7519612915
4137	ROCKSTAR 101 (Explicit Version)	Rihanna	Soul/R\&B/Funk	1.4849354343876	93.1164215002553
4133	Stupid In Love (Explicit Version)	Rihanna	Soul/R\&B/Funk	1.51240731698271	95.4060252529041
4133	Poison (New Main Version)	Nicole Scherzinger	Pop	1.96800931398218	356.4418412995
4130	One Of The Boys	Katy Perry	Pop	1.24565049619497	613.671489372863
4130	Local Boy In The Photograph (Decade In The Sun Version)	Stereophonics	Rock	1.337024162577	131.410279965696
4130	The A Team	Ed Sheeran	Indie/Alternative	1.14851430390828	15877.4039840531
4127	Hate That I Love You	Rihanna	Soul/R\&B/Funk	1.84848207105785	795.471049734652
4124	I\'m Not Alone (Radio Edit)	Various Artists	Pop	2.12362800439141	3380.65211077733
4120	Propane Nightmares	Pendulum	Dance	0.979633713813344	244.158617290401
4118	Brick By Boring Brick	Paramore	Rock	1.45965804127295	57.979763367818
4116	Mad House (Explicit Version)	Rihanna	Soul/R\&B/Funk	1.54740341266044	97.3737836636256
4111	She\'s the One (2004 - Remaster)	Robbie Williams	Pop	1.96785096606753	115.007925111562
4110	Bonkers	Dizzee Rascal	Rap/Hip Hop	1.2330618706885	40.1451875514972
4109	My Girl	Madness	Rock	1.08585826710172	407.145368365469
4109	Photographs (Explicit Version)	Rihanna	Soul/R\&B/Funk	1.49628282279196	94.936879672135
4106	Sunday Bloody Sunday	U2	Rock	2.56931003992029	1738.55982860626
4106	Rhiannon (Remastered Single Version)	Fleetwood Mac	Rock	1.28710725143823	14546.9136391459
4104	A Thousand Trees (Decade In The Sun Version)	Stereophonics	Rock	1.37813277680601	130.602630767726
4101	Misunderstood	Robbie Williams	Pop	7.79436284520333	34622.8900577237
4100	Born To Be My Baby	Bon Jovi	Rock	0.98659979774198	36974.8867933195
4100	So What	Various Artists	Pop	2.60849109357954	3104.75398288421
4100	The Flood	Cheryl	Pop	1.35526451828781	263.488038534771
4099	Issues	The Saturdays	Pop	0.837475072113145	1361.69659051571
4096	Cold Case Love (Explicit Version)	Rihanna	Soul/R\&B/Funk	1.48698499332671	95.2596931613329
4096	Drive	Various Artists	Pop	1.56582675146453	21440.7747088466
4095	Buffalo Soldier	Bob Marley \& The Wailers	Reggae	2.27105647643701	2093.76725147054
4095	Mr. Writer (Decade In The Sun Version)	Stereophonics	Rock	1.48534471476723	133.395319101238
4094	This Love (Will Be Your Downfall)	Ellie Goulding	Pop	1.35085378288714	79.9631040534644
4092	Broken-Hearted Girl	Beyoncé	Soul/R\&B/Funk	1.47139160127881	553.885377486232
4088	Fire Bomb (Explicit Version)	Rihanna	Soul/R\&B/Funk	1.49107122594379	93.5985074216265
4086	Every Time You Go	Ellie Goulding	Pop	1.3405417733026	79.2289993228613
4086	Radio	Robbie Williams	Pop	9.90175661840544	32568.599758736
4085	Running Trax Mini Mix	Ministry Of Sound	Dance	2.26616872537925	15356.9065130564
4081	Karma Police	Radiohead	Indie/Alternative	1.78914176191039	2441.5501632932
4075	Happy Xmas (War Is Over) [2003 Mix]	Various Artists	Pop	3.26543512883362	78458.7700677535
4074	G4L (Explicit Version)	Rihanna	Soul/R\&B/Funk	1.51738382479031	95.2927220712537
4073	The Last Song (Explicit Version)	Rihanna	Soul/R\&B/Funk	1.50364970536821	95.3397238092811
4073	Dirtee Disco	Various Artists	Pop	2.66759307250533	113.139478089325
4070	Your Biggest Mistake	Ellie Goulding	Pop	1.3496074579838	79.4375659893996
4067	Tusk (Remastered LP Version)	Fleetwood Mac	Rock	1.3584389902278	14490.0570729928
4066	Saviour\'s Day	Various Artists	Pop	1.58250061361088	61386.4417882451
4064	We Dance On (Radio Edit)	N-Dubz	Pop	1.63806261375578	174.915105861482
4060	When We Were Beautiful	Bon Jovi	Rock	1.61987738336928	44398.3089933024
4059	Sara (Remastered LP Version)	Fleetwood Mac	Rock	1.3434246447626	14250.7009133931
4058	Keep on Loving You	Various Artists	Pop	2.03306397034425	2674.29260661553
4056	Big Love (Remastered LP Version)	Fleetwood Mac	Rock	1.35392256876829	14498.354917146
4055	The Only Exception	Paramore	Rock	1.20725471347545	53.4718653700248
4053	Night Boat To Cairo	Madness	Rock	1.03750762171887	390.747117456265
4053	Wonderful Christmastime	Various Artists	Pop	2.81259980908824	70073.5679339581
4049	Everybody Hurts	R.E.M.	Rock	1.15215087094061	2873.4550683456
4048	Our Song	Taylor Swift	Country and Western	1.89165234179106	651.929927022619
4047	I\'ll Hold My Breath	Ellie Goulding	Pop	1.35080750245197	78.377064010352
4047	Come Undone (UK Radio Edit)	Robbie Williams	Pop	1.35274046052341	30479.9125621457
4045	A Star Is Born [Jay-Z + J. Cole] (Explicit Album Version)	JAY Z	Rap/Hip Hop	2.12026946097903	66.172058588717
4042	Wish I Stayed	Ellie Goulding	Pop	1.35052860180546	78.663649931346
4042	Seven Wonders (Remastered LP Version)	Fleetwood Mac	Rock	1.40143277136042	14324.1158445141
4039	Let Me Entertain You (2004 - Remaster)	Robbie Williams	Pop	1.94449733848358	114.678433123592
4036	Hate [Jay-Z + Kanye West] (Explicit Album Version)	JAY Z	Rap/Hip Hop	2.12823305456993	69.493241202394
4034	Pick A Part That\'s New (Decade In The Sun Version)	Stereophonics	Rock	1.38931908300636	132.666831304068
4033	Get Up (Everybody) (Parade Mix)	Ministry Of Sound	Dance	1.29482842989993	19182.2990800637
4031	A Winter\'s Tale	Various Artists	Pop	2.6933848154928	60603.129350669
4029	Paranoid Android	Radiohead	Indie/Alternative	1.17785938334355	2418.84514316366
4029	Warm This Winter	Various Artists	Pop	2.33139792837749	102065.293315058
4028	Salt Skin	Ellie Goulding	Pop	1.34902812945942	78.5226270268874
4026	You Make It Real	James Morrison	Pop	1.4586223915438	478.612075150619
4025	Sex On Fire	Kings Of Leon	Rock	3.14884654651221	784.615302828088
4025	Feel (Radio Edit)	Robbie Williams	Pop	1.92237200591446	114.687621323138
4025	Gypsy (Remastered LP Version)	Fleetwood Mac	Rock	1.372255134339	14253.4837868943
4019	What We Talkin\' About [Jay-Z + Luke Steele] (Explicit Album Version)	JAY Z	Rap/Hip Hop	2.13392364223333	69.7872878257632
4014	If You Can Afford Me	Katy Perry	Pop	1.37180590854361	582.090594945811
4011	Otherside	Red Hot Chili Peppers	Rock	2.18906412614324	2505.72675333469
4004	You\'re My Star	Stereophonics	Rock	1.32604842683881	128.118184745931
4004	Off That [Jay-Z + Drake] (Explicit Album Version)	JAY Z	Rap/Hip Hop	2.12157551180044	66.5601734035256
4003	Already Home [Jay-Z + Kid Cudi] (Explicit Album Version)	JAY Z	Rap/Hip Hop	2.14659806404779	67.7050734334445
4002	Keep The Faith	Bon Jovi	Rock	1.21340323033413	26798.9949481317
4002	What If	Jason Derülo	Pop	0.739764044364047	2675.95988236121
4000	Landslide (Remastered LP Version)	Fleetwood Mac	Rock	1.35851996382924	13433.8554594961
3999	On Melancholy Hill	Gorillaz	Rock	1.5968971362912	219.933980700899
3998	Daydreamer (album)	Adele	Pop	2.05375190392693	6450.40669074968
3998	The Edge Of Glory	Lady Gaga	Pop	2.2342098346472	172.968735569074
3995	Ken Kaniff	Eminem	Rap/Hip Hop	1.46270387792503	1635.50584039804
3995	Superstition (Single Version)	Stevie Wonder	Soul/R\&B/Funk	1.2506865804844	1134.00619354606
3995	It Means Nothing (Decade In The Sun Version)	Stereophonics	Rock	1.41498614333175	129.334417047461
3988	House Of Fun	Madness	Rock	1.13823103999181	437.793638205872
3987	The Christmas Song (Merry Christmas To You)	Various Artists	Pop	2.80993712837086	79535.1059599828
3986	Thank You (Explicit Album Version)	JAY Z	Rap/Hip Hop	2.1284198491498	68.0558359877476
3985	Paul	Eminem	Rap/Hip Hop	1.46167254682267	1649.84867251422
3984	Hush Hush; Hush Hush	Pussycat Dolls	Pop	5.86925164902958	3447.09752576038
3977	Lonely Pup (In A Christmas Shop) [1960 Version]	Various Artists	Pop	1.65468720699835	59222.4538321822
3976	No Surprises	Radiohead	Indie/Alternative	1.6276790214391	2430.75876182091
3976	So Ambitious [Jay-Z + Pharrell] (Explicit Album Version)	JAY Z	Rap/Hip Hop	2.11628995911452	68.113748593087
3976	Hollywood	Marina And The Diamonds	Indie/Alternative	0.823227390143424	142.728359374842
3975	Fifteen	Taylor Swift	Country and Western	1.13884470131724	19.9884085957402
3974	Real As It Gets [Jay-Z + Young Jeezy] (Explicit Album Version)	JAY Z	Rap/Hip Hop	2.12906388788257	67.4299047340896
3974	In Dulci Jubilo	Various Artists	Pop	2.7732367621767	56286.0355603595
3972	Mannequin	Katy Perry	Pop	1.44289918920372	584.3047060869
3971	Self Inflicted	Katy Perry	Pop	1.5642358805542	588.650675707828
3971	Nothing	The Script	Indie/Alternative	1.20872096908539	111.225363208484
3967	Fingerprints	Katy Perry	Pop	1.58554901927786	585.635880910968
3966	I Wouldn\'t Believe Your Radio (Decade In The Sun Version)	Stereophonics	Rock	1.40362648270943	127.621617052094
3965	Step On My Old Size Nines (Decade In The Sun Version)	Stereophonics	Rock	1.34864492360488	128.557622049956
3963	Venus Vs. Mars (Explicit Album Version)	JAY Z	Rap/Hip Hop	2.12592308423228	66.5339946550174
3961	Christmas Wrapping	Various Artists	Pop	2.22155535094144	69781.7109898769
3956	No Woman, No Cry (Live At The Lyceum, London/1975)	Bob Marley \& The Wailers	Reggae	2.09549317993073	2027.89958227223
3955	Millennium (Radio Edit)	Robbie Williams	Pop	1.86727449872869	113.301121587945
3952	More Life In A Tramps Vest (Decade In The Sun Version)	Stereophonics	Rock	1.37494028503408	127.759407232683
3951	Lost	Katy Perry	Pop	1.55780846326582	577.595052573625
3950	Superman (Decade In The Sun Version)	Stereophonics	Rock	1.41102601736971	128.799021406994
3948	Patience	Various Artists	Pop	1.6890926855443	23485.7736341171
3946	I\'m Still Breathing	Katy Perry	Pop	1.54222288600846	576.771060256624
3946	Fearless	Taylor Swift	Country and Western	1.19556371075981	21.048508302062
3946	Family Man (Remastered LP Version)	Fleetwood Mac	Rock	1.39373784498285	13909.3778118584
3945	Say You Love Me (Remastered LP Version)	Fleetwood Mac	Rock	1.38771553524649	14051.8468698493
3944	Reminder (Explicit Album Version)	JAY Z	Rap/Hip Hop	2.10769123963007	66.6079593003553
3935	Eternity (Radio Edit)	Robbie Williams	Pop	1.85469552038904	114.546656748573
3930	The Promise	Girls Aloud	Pop	0.696393813314202	143.226692496373
3929	Because the Night	Various Artists	Pop	3.51452704130294	20663.267388812
3928	My Own Worst Enemy (Decade In The Sun Version)	Stereophonics	Rock	1.40476454865124	126.938541811236
3925	Never Leave You (Single Version)	Tinchy Stryder Feat. Amelle	Rap/Hip Hop	1.70509830034459	640.920357605196
3923	Traffic (Decade In The Sun Version)	Stereophonics	Rock	1.408546069537	126.888651786042
3923	Just Say Yes	Snow Patrol	Indie/Alternative	1.69803489945806	99.7388298360433
3921	Distant Dreamer	Duffy	Pop	1.62531390038462	8397.43958581821
